id,title,release_date,overview,popularity
969681,Spider-Man: Brand New Day,2026-07-29,Fighting crime full-time as Spider-Man in a world that doesn't remember him—and the pressure of seeing his old friends move on without him—sparks a change in Peter Parker he may not have the power to control. But that transformation might also be the only thing that can stop a shocking new threat to the city and those he loves - a powerful villain no one can even see.,835.3899
634649,Spider-Man: No Way Home,2021-12-15,"Peter Parker is unmasked and no longer able to separate his normal life from the high-stakes of being a super-hero. When he asks for help from Doctor Strange the stakes become even more dangerous, forcing him to discover what it truly means to be Spider-Man.",106.5548
1081003,Supergirl,2026-06-24,"When an unexpected and ruthless adversary strikes too close to home, Kara Zor-El, aka Supergirl, reluctantly joins forces with an unlikely companion on an epic, interstellar journey of vengeance and justice.",87.4476
299536,Avengers: Infinity War,2018-04-25,"As the Avengers and their allies have continued to protect the world from threats too large for any one hero to handle, a new danger has emerged from the cosmic shadows: Thanos. A despot of intergalactic infamy, his goal is to collect all six Infinity Stones, artifacts of unimaginable power, and use them to inflict his twisted will on all of reality. Everything the Avengers have fought for has led up to this moment - the fate of Earth and existence itself has never been more uncertain.",81.2655
24428,The Avengers,2012-04-25,"When an unexpected enemy emerges and threatens global safety and security, Nick Fury, director of the international peacekeeping agency known as S.H.I.E.L.D., finds himself in need of a team to pull the world back from the brink of disaster. Spanning the globe, a daring recruitment effort begins!",87.2925
454639,Masters of the Universe,2026-06-03,"After being separated for 15 years, the Sword of Power leads Prince Adam back to Eternia, where he discovers his home shattered under the fiendish rule of Skeletor. To save his family and his world, Adam must join forces with his closest allies, Teela and Duncan/Man-At-Arms, and embrace his true destiny as He-Man — the most powerful man in the universe.",69.5287
569094,Spider-Man: Across the Spider-Verse,2023-05-31,"After reuniting with Gwen Stacy, Brooklyn’s full-time, friendly neighborhood Spider-Man is catapulted across the Multiverse, where he encounters the Spider Society, a team of Spider-People charged with protecting the Multiverse's very existence. But when the heroes clash on how to handle a new threat, Miles finds himself pitted against the other Spiders and must set out on his own to save those he loves most.",63.7459
557,Spider-Man,2002-05-01,"After being bitten by a genetically altered spider at Oscorp, nerdy but endearing high school student Peter Parker is endowed with amazing powers to become the superhero known as Spider-Man.",59.0347
155,The Dark Knight,2008-07-16,"Batman raises the stakes in his war on crime. With the help of Lt. Jim Gordon and District Attorney Harvey Dent, Batman sets out to dismantle the remaining criminal organizations that plague the streets. The partnership proves to be effective, but they soon find themselves prey to a reign of chaos unleashed by a rising criminal mastermind known to the terrified citizens of Gotham as the Joker.",60.9521
299534,Avengers: Endgame,2019-04-24,"After the devastating events of Avengers: Infinity War, the universe is in ruins due to the efforts of the Mad Titan, Thanos. With the help of remaining allies, the Avengers must assemble once more in order to undo Thanos' actions and restore order to the universe once and for all, no matter what consequences may be in store.",57.6232
1003596,Avengers: Doomsday,2026-12-16,Beloved heroes from three distinct universes are set on a deadly collision course and face an existential threat unlike anything they've ever encountered.,51.7731
533535,Deadpool & Wolverine,2024-07-24,"A listless Wade Wilson toils away in civilian life with his days as the morally flexible mercenary, Deadpool, behind him. But when his homeworld faces an existential threat, Wade must reluctantly suit-up again with an even more reluctant Wolverine.",58.162
315635,Spider-Man: Homecoming,2017-07-05,"Following the events of Captain America: Civil War, Peter Parker, with the help of his mentor Tony Stark, tries to balance his life as an ordinary high school student in Queens, New York City, with fighting crime as his superhero alter ego Spider-Man as a new threat, the Vulture, emerges.",52.6957
822119,Captain America: Brave New World,2025-02-12,"After meeting with newly elected U.S. President Thaddeus Ross, Sam finds himself in the middle of an international incident. He must discover the reason behind a nefarious global plot before the true mastermind has the entire world seeing red.",53.7394
99861,Avengers: Age of Ultron,2015-04-22,"When Tony Stark tries to jumpstart a dormant peacekeeping program, things go awry and Earth’s Mightiest Heroes are put to the ultimate test as the fate of the planet hangs in the balance. As the villainous Ultron emerges, it is up to The Avengers to stop him from enacting his terrible plans, and soon uneasy alliances and unexpected action pave the way for an epic and unique global adventure.",45.1027
324857,Spider-Man: Into the Spider-Verse,2018-12-06,"Struggling to find his place in the world while juggling school and family, Brooklyn teenager Miles Morales is unexpectedly bitten by a radioactive spider and develops unfathomable powers just like the one and only Spider-Man. While wrestling with the implications of his new abilities, Miles discovers a super collider created by the madman Wilson ""Kingpin"" Fisk, causing others from across the Spider-Verse to be inadvertently transported to his dimension.",48.3545
617126,The Fantastic 4: First Steps,2025-07-23,"Against the vibrant backdrop of a 1960s-inspired, retro-futuristic world, Marvel's First Family is forced to balance their roles as heroes with the strength of their family bond, while defending Earth from a ravenous space god called Galactus and his enigmatic Herald, Silver Surfer.",46.676
559,Spider-Man 3,2007-05-01,"The seemingly invincible Spider-Man goes up against an all-new crop of villains—including the shape-shifting Sandman. While Spider-Man’s superpowers are altered by an alien organism, his alter ego, Peter Parker, deals with nemesis Eddie Brock and also gets caught up in a love triangle.",44.061
447365,Guardians of the Galaxy Vol. 3,2023-05-03,"Peter Quill, still reeling from the loss of Gamora, must rally his team around him to defend the universe along with protecting one of their own. A mission that, if not completed successfully, could quite possibly lead to the end of the Guardians as we know them.",40.9051
1061474,Superman,2025-07-09,"Superman, a journalist in Metropolis, embarks on a journey to reconcile his Kryptonian heritage with his human upbringing as Clark Kent.",46.579
414906,The Batman,2022-03-01,"In his second year of fighting crime, Batman uncovers corruption in Gotham City that connects to his own family while facing a serial killer known as the Riddler.",45.3163
1726,Iron Man,2008-04-30,"After being held captive in an Afghan cave, billionaire engineer Tony Stark creates a unique weaponized suit of armor to fight evil.",44.4689
271110,Captain America: Civil War,2016-04-27,"Following the events of Age of Ultron, the collective governments of the world pass an act designed to regulate all superhuman activity. This polarizes opinion amongst the Avengers, causing two factions to side with Iron Man or Captain America, which causes an epic battle between former allies.",41.7828
1930,The Amazing Spider-Man,2012-06-23,A teenage Peter Parker grapples with both high school and amazing super-human crises as his alter-ego Spider-Man.,39.0883
102382,The Amazing Spider-Man 2,2014-04-16,"For Peter Parker, life is busy. Between taking out the bad guys as Spider-Man and spending time with the person he loves, Gwen Stacy, high school graduation cannot come quickly enough. Peter has not forgotten about the promise he made to Gwen’s father to protect her by staying away, but that is a promise he cannot keep. Things will change for Peter when a new villain, Electro, emerges, an old friend, Harry Osborn, returns, and Peter uncovers new clues about his past.",39.6408
912649,Venom: The Last Dance,2024-10-22,"Eddie and Venom are on the run. Hunted by both of their worlds and with the net closing in, the duo are forced into a devastating decision that will bring the curtains down on Venom and Eddie's last dance.",39.8732
986056,Thunderbolts*,2025-04-30,"After finding themselves ensnared in a death trap, seven disillusioned castoffs must embark on a dangerous mission that will force them to confront the darkest corners of their pasts.",49.7819
429617,Spider-Man: Far From Home,2019-06-28,"Peter Parker and his friends go on a summer trip to Europe. However, they will hardly be able to rest - Peter will have to agree to help Nick Fury uncover the mystery of creatures that cause natural disasters and destruction throughout the continent.",40.6643
49026,The Dark Knight Rises,2012-07-17,"Following the death of District Attorney Harvey Dent, Batman assumes responsibility for Dent's crimes to protect the late attorney's reputation and is subsequently hunted by the Gotham City Police Department. Eight years later, Batman encounters the mysterious Selina Kyle and the villainous Bane, a new terrorist leader who overwhelms Gotham's finest. The Dark Knight resurfaces to protect a city that has branded him an enemy.",35.283
177572,Big Hero 6,2014-10-24,"A special bond develops between plus-sized inflatable robot Baymax, and prodigy Hiro Hamada, who team up with a group of friends to form a band of high-tech heroes.",37.7722
1724,The Incredible Hulk,2008-06-12,"Scientist Bruce Banner scours the planet for an antidote to the unbridled force of rage within him: the Hulk. But when the military masterminds who dream of exploiting his powers force him back to civilization, he finds himself coming face to face with a new, deadly foe.",34.0064
10138,Iron Man 2,2010-04-28,"With the world now aware of his dual life as the armored superhero Iron Man, billionaire inventor Tony Stark faces pressure from the government, the press and the public to share his technology with the military. Unwilling to let go of his invention, Stark, with Pepper Potts and James 'Rhodey' Rhodes at his side, must forge new alliances – and confront powerful enemies.",36.901
453395,Doctor Strange in the Multiverse of Madness,2022-05-04,"Doctor Strange, with the help of mystical allies both old and new, traverses the mind-bending and dangerous alternate realities of the Multiverse to confront a mysterious new adversary.",32.9738
284053,Thor: Ragnarok,2017-10-02,"Thor is imprisoned on the other side of the universe and finds himself in a race against time to get back to Asgard to stop Ragnarok, the destruction of his home-world and the end of Asgardian civilization, at the hands of a powerful new threat, the ruthless Hela.",31.9052
505642,Black Panther: Wakanda Forever,2022-11-09,"Queen Ramonda, Shuri, M’Baku, Okoye and the Dora Milaje fight to protect their nation from intervening world powers in the wake of King T’Challa’s death.  As the Wakandans strive to embrace their next chapter, the heroes must band together with the help of War Dog Nakia and Everett Ross and forge a new path for the kingdom of Wakanda.",33.2634
539972,Kraven the Hunter,2024-12-11,"Kraven Kravinoff's complex relationship with his ruthless gangster father, Nikolai, starts him down a path of vengeance with brutal consequences, motivating him to become not only the greatest hunter in the world, but also one of its most feared.",31.1994
127585,X-Men: Days of Future Past,2014-05-15,The ultimate X-Men ensemble fights a war for the survival of the species across two time periods as they join forces with their younger selves in an epic battle that must change the past – to save our future.,30.024
49521,Man of Steel,2013-06-12,"A young boy learns that he has extraordinary powers and is not of this earth. As a young man, he journeys to discover where he came from and what he was sent here to do. But the hero in him must emerge if he is to save the world from annihilation and become the symbol of hope for all mankind.",31.7209
383498,Deadpool 2,2018-05-15,Wisecracking mercenary Deadpool battles the evil and powerful Cable and other bad guys to save a boy's life.,31.5208
263115,Logan,2017-02-28,"In the near future, a weary Logan cares for an ailing Professor X in a hideout on the Mexican border. But Logan's attempts to hide from the world and his legacy are upended when a young mutant arrives, pursued by dark forces.",34.0629
283995,Guardians of the Galaxy Vol. 2,2017-04-25,The Guardians must fight to keep their newfound family together as they unravel the mysteries of Peter Quill's true parentage.,29.1461
572802,Aquaman and the Lost Kingdom,2023-12-20,"Black Manta seeks revenge on Aquaman for his father's death. Wielding the Black Trident's power, he becomes a formidable foe. To defend Atlantis, Arthur (Aquaman) forges an alliance with his imprisoned brother. They must protect the kingdom.",30.2431
246655,X-Men: Apocalypse,2016-05-18,"After the re-emergence of the world's first mutant, world-destroyer Apocalypse, the X-Men must unite to defeat his extinction level plan.",27.2443
436270,Black Adam,2022-10-19,"Nearly 5,000 years after he was bestowed with the almighty powers of the Egyptian gods—and imprisoned just as quickly—Black Adam is freed from his earthly tomb, ready to unleash his unique form of justice on the modern world.",29.4315
68721,Iron Man 3,2013-04-18,"When Tony Stark's world is torn apart by a formidable terrorist called the Mandarin, he starts an odyssey of rebuilding and retribution.",32.0712
272,Batman Begins,2005-06-10,"Driven by tragedy, billionaire Bruce Wayne dedicates his life to uncovering and defeating the corruption that plagues his home, Gotham City.  Unable to work within the system, he instead creates a new identity, a symbol of fear for the criminal underworld - The Batman.",27.5398
293660,Deadpool,2016-02-09,"The origin story of former Special Forces operative turned mercenary Wade Wilson, who, after being subjected to a rogue experiment that leaves him with accelerated healing powers, adopts the alter ego Deadpool. Armed with his new abilities and a dark, twisted sense of humor, Deadpool hunts down the man who nearly destroyed his life.",28.4543
284052,Doctor Strange,2016-10-25,"After his career is destroyed, a brilliant but arrogant surgeon gets a new lease on life when a sorcerer takes him under her wing and trains him to defend the world against evil.",31.4377
9806,The Incredibles,2004-10-27,"Bob Parr has given up his superhero days to log in time as an insurance adjuster and raise his three children with his formerly heroic wife in suburbia. But when he receives a mysterious assignment, it's time to get back into costume.",29.3023
284054,Black Panther,2018-02-13,"King T'Challa returns home to the reclusive, technologically advanced African nation of Wakanda to serve as his country's new leader. However, T'Challa soon finds that he is challenged for the throne by factions within his own country as well as without. Using powers reserved to Wakandan kings, T'Challa assumes the Black Panther mantle to join with ex-girlfriend Nakia, the queen-mother, his princess-kid sister, members of the Dora Milaje (the Wakandan 'special forces') and an American secret agent, to prevent Wakanda from being dragged into a world war.",24.2471
10195,Thor,2011-04-21,"Against his father Odin's will, The Mighty Thor - a powerful but arrogant warrior god - recklessly reignites an ancient war. Thor is cast down to Earth and forced to live among humans as punishment. Once here, Thor learns what it takes to be a true hero when the most dangerous villain of his world sends the darkest forces of Asgard to invade Earth.",26.7643
335983,Venom,2018-09-28,"Investigative journalist Eddie Brock attempts a comeback following a scandal, but accidentally becomes the host of Venom, a violent, super powerful alien symbiote. Soon, he must rely on his newfound powers to protect the world from a shadowy organization looking for a symbiote of their own.",23.926
566525,Shang-Chi and the Legend of the Ten Rings,2021-09-01,Shang-Chi must confront the past he thought he left behind when he is drawn into the web of the mysterious Ten Rings organization.,25.2936
260513,Incredibles 2,2018-06-14,"Elastigirl springs into action to save the day, while Mr. Incredible faces his greatest challenge yet – taking care of the problems of his three children.",23.492
137106,The Lego Movie,2014-02-06,"An ordinary Lego mini-figure, mistakenly thought to be the extraordinary MasterBuilder, is recruited to join a quest to stop an evil Lego tyrant from conquering the universe.",23.7401
616037,Thor: Love and Thunder,2022-07-06,"After his retirement is interrupted by Gorr the God Butcher, a galactic killer who seeks the extinction of the gods, Thor Odinson enlists the help of King Valkyrie, Korg, and ex-girlfriend Jane Foster, who now wields Mjolnir as the Mighty Thor. Together they embark upon a harrowing cosmic adventure to uncover the mystery of the God Butcher’s vengeance and stop him before it’s too late.",23.8392
519182,Despicable Me 4,2024-06-20,"Gru and Lucy and their girls—Margo, Edith and Agnes—welcome a new member to the Gru family, Gru Jr., who is intent on tormenting his dad. Gru also faces a new nemesis in Maxime Le Mal and his femme fatale girlfriend Valentina, forcing the family to go on the run.",26.1362
102899,Ant-Man,2015-07-14,"Armed with the astonishing ability to shrink in scale but increase in strength, master thief Scott Lang must embrace his inner-hero and help his mentor, Doctor Hank Pym, protect the secret behind his spectacular Ant-Man suit from a new generation of towering threats. Against seemingly insurmountable obstacles, Pym and Lang must plan and pull off a heist that will save the world.",24.0085
580489,Venom: Let There Be Carnage,2021-09-30,"After finding a host body in investigative reporter Eddie Brock, the alien symbiote must face a new enemy, Carnage, the alter ego of serial killer Cletus Kasady.",22.6124
299537,Captain Marvel,2019-03-06,"The story follows Carol Danvers as she becomes one of the universe’s most powerful heroes when Earth is caught in the middle of a galactic war between two alien races. Set in the 1990s, Captain Marvel is an all-new adventure from a previously unseen period in the history of the Marvel Cinematic Universe.",26.0941
609681,The Marvels,2023-11-08,"When her duties send her to an anomalous wormhole linked to a Kree revolutionary, Carol's powers become entangled with that of Jersey City super-fan Kamala Khan, aka Ms. Marvel, and Carol's estranged niece, now S.A.B.E.R. astronaut Captain Monica Rambeau. Together, this unlikely trio must team up and learn to work in concert to save the universe.",23.5351
436969,The Suicide Squad,2021-07-28,"Supervillains Harley Quinn, Bloodsport, Peacemaker and a collection of nutty cons at Belle Reve prison join the super-secret, super-shady Task Force X as they are dropped off at the remote, enemy-infused island of Corto Maltese.",23.9768
791373,Zack Snyder's Justice League,2021-03-18,"Determined to ensure Superman's ultimate sacrifice was not in vain, Bruce Wayne aligns forces with Diana Prince with plans to recruit a team of metahumans to protect the world from an approaching threat of catastrophic proportions.",24.6495
893723,PAW Patrol: The Mighty Movie,2023-09-21,"A magical meteor crash lands in Adventure City and gives the PAW Patrol pups superpowers, transforming them into The Mighty Pups.",21.7201
298618,The Flash,2023-06-13,"When his attempt to save his family inadvertently alters the future, Barry Allen becomes trapped in a reality in which General Zod has returned and there are no Super Heroes to turn to. In order to save the world that he is in and return to the future that he knows, Barry's only hope is to race for his life. But will making the ultimate sacrifice be enough to reset the universe?",26.4582
363088,Ant-Man and the Wasp,2018-07-04,"Just when his time under house arrest is about to end, Scott Lang once again puts his freedom at risk to help Hope van Dyne and Dr. Hank Pym dive into the quantum realm and try to accomplish, against time and any chance of success, a very dangerous rescue mission.",21.5509
607,Men in Black,1997-07-02,"After a police chase with an otherworldly being, a New York City cop is recruited as an agent in a top-secret organization established to monitor and police alien activity on Earth: the Men in Black. Agent K and new recruit Agent J find themselves in the middle of a deadly plot by an intergalactic terrorist who has arrived on Earth to assassinate two ambassadors from opposing galaxies.",24.7818
38055,Megamind,2010-10-28,"After Megamind, a highly intelligent alien supervillain, defeats his long-time nemesis Metro Man, Megamind creates a new hero to fight, but must act to save the city when his ""creation"" becomes an even worse villain than he was.",21.0385
297762,Wonder Woman,2017-05-30,An Amazon princess comes to the world of Man in the grips of the First World War to confront the forces of evil and bring an end to human conflict.,22.2167
76338,Thor: The Dark World,2013-10-30,"Thor fights to restore order across the cosmos… but an ancient race led by the vengeful Malekith returns to plunge the universe back into darkness. Faced with an enemy that even Odin and Asgard cannot withstand, Thor must embark on his most perilous and personal journey yet, one that will reunite him with Jane Foster and force him to sacrifice everything to save us all.",22.3762
98566,Teenage Mutant Ninja Turtles,2014-08-07,"When a kingpin threatens New York City, a group of mutated turtle warriors must emerge from the shadows to protect their home.",20.9088
524434,Eternals,2021-11-03,"The Eternals are a team of ancient aliens who have been living on Earth in secret for thousands of years. When an unexpected tragedy forces them out of the shadows, they are forced to reunite against mankind’s most ancient enemy, the Deviants.",21.9926
297802,Aquaman,2018-12-07,"Half-human, half-Atlantean Arthur Curry is taken on the journey of his lifetime to discover if he is worth of being a king.",23.9851
9738,Fantastic Four,2005-06-29,"During a space voyage, four scientists are altered by cosmic rays: Reed Richards gains the ability to stretch his body; Sue Storm can become invisible; Johnny Storm controls fire; and Ben Grimm is turned into a super-strong … thing. Together, these ""Fantastic Four"" must now thwart the evil plans of Dr. Doom and save the world from certain destruction.",23.0645
640146,Ant-Man and the Wasp: Quantumania,2023-02-15,"Super-Hero partners Scott Lang and Hope van Dyne, along with with Hope's parents Janet van Dyne and Hank Pym, and Scott's daughter Cassie Lang, find themselves exploring the Quantum Realm, interacting with strange new creatures and embarking on an adventure that will push them beyond the limits of what they thought possible.",19.5197
320288,Dark Phoenix,2019-06-05,"The X-Men face their most formidable and powerful foe when one of their own, Jean Grey, starts to spiral out of control. During a rescue mission in outer space, Jean is nearly killed when she's hit by a mysterious cosmic force. Once she returns home, this force not only makes her infinitely more powerful, but far more unstable. The X-Men must now band together to save her soul and battle aliens that want to use Grey's new abilities to rule the galaxy.",23.0196
854,The Mask,1994-07-29,"Timid bank clerk Stanley Ipkiss discovers a magical mask infused with the spirit of the Norse god Loki. Donning it transforms him into an unrestrained, green-faced, cartoon-like wild man. While the mask grants him the confidence to woo a local singer, it also makes him the target of a ruthless mobster.",17.7162
561,Constantine,2005-02-08,"John Constantine has literally been to Hell and back. When he teams up with a policewoman to solve the mysterious suicide of her twin sister, their investigation takes them through the world of demons and angels that exists beneath the landscape of contemporary Los Angeles.",20.124
1927,Hulk,2003-06-19,"Bruce Banner, a genetics researcher with a tragic past, suffers massive radiation exposure in his laboratory that causes him to transform into a raging green monster when he gets angry.",20.0159
194662,Birdman or (The Unexpected Virtue of Ignorance),2014-10-17,"A fading actor best known for his portrayal of a popular superhero attempts to mount a comeback by appearing in a Broadway play. As opening night approaches, his attempts to become more altruistic, rebuild his career, and reconnect with friends and family prove more difficult than expected.",18.0722
558,Spider-Man 2,2004-06-25,"Peter Parker is going through a major identity crisis. Burned out from being Spider-Man, he decides to shelve his superhero alter ego, which leaves the city suffering in the wake of carnage left by the evil Doc Ock. In the meantime, Parker still can't act on his feelings for Mary Jane Watson, a girl he's loved since childhood. A certain anger begins to brew in his best friend Harry Osborn as well...",20.3907
209112,Batman v Superman: Dawn of Justice,2016-03-23,"Fearing the actions of a god-like Super Hero left unchecked, Gotham City’s own formidable, forceful vigilante takes on Metropolis’s most revered, modern-day savior, while the world wrestles with what sort of hero it really needs. And with Batman and Superman at war with one another, a new threat quickly arises, putting mankind in greater danger than it’s ever known before.",20.0734
1771,Captain America: The First Avenger,2011-07-22,"During World War II, Steve Rogers is a sickly man from Brooklyn who's transformed into super-soldier Captain America to aid in the war effort. Rogers must stop the Red Skull – Adolf Hitler's ruthless head of weaponry, and the leader of an organization that intends to use a mysterious device of untold powers for world domination.",19.5874
100402,Captain America: The Winter Soldier,2014-03-20,"After the cataclysmic events in New York with The Avengers, Steve Rogers, aka Captain America is living quietly in Washington, D.C. and trying to adjust to the modern world. But when a S.H.I.E.L.D. colleague comes under attack, Steve becomes embroiled in a web of intrigue that threatens to put the world at risk. Joining forces with the Black Widow, Captain America struggles to expose the ever-widening conspiracy while fighting off professional assassins sent to silence him at every turn. When the full scope of the villainous plot is revealed, Captain America and the Black Widow enlist the help of a new ally, the Falcon. However, they soon find themselves up against an unexpected and formidable enemy—the Winter Soldier.",19.5452
495764,Birds of Prey (and the Fantabulous Emancipation of One Harley Quinn),2020-02-05,"Harley Quinn joins forces with a singer, an assassin and a police detective to help a young girl who had a hit placed on her after she stole a rare diamond from a crime lord.",19.4482
7220,The Punisher,2004-04-15,"When undercover FBI agent Frank Castle's wife and son are slaughtered, he becomes 'the Punisher' -- a ruthless vigilante willing to go to any length to avenge his family.",19.3746
608,Men in Black II,2002-07-03,"Kay and Jay reunite to provide our best, last and only line of defense against a sinister seductress who levels the toughest challenge yet to the MIB's untarnished mission statement – protecting Earth from the scum of the universe. It's been four years since the alien-seeking agents averted an intergalactic disaster of epic proportions. Now it's a race against the clock as Jay must convince Kay – who not only has absolutely no memory of his time spent with the MIB, but is also the only living person left with the expertise to save the galaxy – to reunite with the MIB before the earth submits to ultimate destruction.",18.9631
1250,Ghost Rider,2007-01-15,"In order to save his dying father, young stunt cyclist Johnny Blaze sells his soul to Mephistopheles and sadly parts from the pure-hearted Roxanne Simpson, the love of his life. Years later, Johnny's path crosses again with Roxanne, now a go-getting reporter, and also with Mephistopheles, who offers to release Johnny's soul if Johnny becomes the fabled, fiery 'Ghost Rider'.",18.3077
44912,Green Lantern,2011-06-14,"For centuries, a small but powerful force of warriors called the Green Lantern Corps has sworn to keep intergalactic order. Each Green Lantern wears a ring that grants him superpowers. But when a new enemy called Parallax threatens to destroy the balance of power in the Universe, their fate and the fate of Earth lie in the hands of the first human ever recruited.",18.2731
141052,Justice League,2017-11-15,"Fuelled by his restored faith in humanity and inspired by Superman's selfless act, Bruce Wayne and Diana Prince assemble a team of metahumans consisting of Barry Allen, Arthur Curry and Victor Stone to face the catastrophic threat of Steppenwolf and the Parademons who are on the hunt for three Mother Boxes on Earth.",17.9164
36647,Blade,1998-08-21,"The Daywalker known as ""Blade"" - a half-vampire, half-mortal man - becomes the protector of humanity against an underground army of vampires.",17.2934
399579,Alita: Battle Angel,2019-01-31,"When Alita awakens with no memory of who she is in a future world she does not recognize, she is taken in by Ido, a compassionate doctor who realizes that somewhere in this abandoned cyborg shell is the heart and soul of a young woman with an extraordinary past.",17.274
268,Batman,1989-06-21,"Having witnessed his parents' brutal murder as a child, millionaire philanthropist Bruce Wayne fights crime in Gotham City disguised as Batman, a costumed hero who strikes fear into the hearts of villains. But when a deformed madman known as 'The Joker' seizes control of Gotham's criminal underworld, Batman must face his most ruthless nemesis ever while protecting both his identity and his love interest, reporter Vicki Vale.",17.1861
36648,Blade: Trinity,2004-12-08,"For years, Blade has fought against the vampires in the cover of the night. But now, after falling into the crosshairs of the FBI, he is forced out into the daylight, where he is driven to join forces with a clan of human vampire hunters he never knew existed—The Nightstalkers. Together with Abigail and Hannibal, two deftly trained Nightstalkers, Blade follows a trail of blood to the ancient creature that is also hunting him—the original vampire, Dracula.",16.4699
364,Batman Returns,1992-06-19,"The monstrous Penguin, who dwells in the sewers beneath Gotham, joins up with corrupt mayoral candidate Max Shreck to topple the Batman once and for all. But when Shreck's timid assistant Selina Kyle finds out, and Shreck tries to kill her, she's transformed into the sexy Catwoman. She teams up with the Penguin and Shreck to destroy Batman, but sparks fly unexpectedly when she confronts the caped crusader.",16.3102
287947,Shazam!,2019-03-29,A boy is given the ability to become an adult superhero in times of need with a single magic word.,16.1444
415,Batman & Robin,1997-06-20,"Batman and his sidekick Robin attempt to the foil the sinister schemes of a deranged set of new villains, most notably the melancholy Mr. Freeze, who wants to make Gotham City into an arctic region, and the sultry Poison Ivy, a botanical femme fatale. As the Dynamic Duo contend with these bad guys, a third hero, Batgirl, joins the ranks of the city's crime-fighters.",15.8317
450465,Glass,2019-01-16,"In a series of escalating encounters, former security guard David Dunn uses his supernatural abilities to track Kevin Wendell Crumb, a disturbed man who has twenty-four personalities. Meanwhile, the shadowy presence of Elijah Price emerges as an orchestrator who holds secrets critical to both men.",15.3308
594767,Shazam! Fury of the Gods,2023-03-15,"Billy Batson and his foster siblings, who transform into superheroes by saying ""Shazam!"", are forced to get back into action and fight the Daughters of Atlas, who they must stop from using a weapon that could destroy the world.",15.3249
297761,Suicide Squad,2016-08-03,"From DC Comics comes the Suicide Squad, an antihero team of incarcerated supervillains who act as deniable assets for the United States government, undertaking high-risk black ops missions in exchange for commuted prison sentences.",15.2526
9982,Chicken Little,2005-11-04,"When the sky really is falling and sanity has flown the coop, who will rise to save the day? Together with his hysterical band of misfit friends, Chicken Little must hatch a plan to save the planet from alien invasion and prove that the world's biggest hero is a little chicken.",14.735
324849,The Lego Batman Movie,2017-02-08,"A cooler-than-ever Bruce Wayne must deal with the usual suspects as they plan to rule Gotham City, while discovering that he has accidentally adopted a teenage orphan who wishes to become his sidekick.",14.8391
1924,Superman,1978-12-14,"Mild-mannered Clark Kent works as a reporter at the Daily Planet alongside his crush, Lois Lane. Clark must summon his superhero alter-ego when the nefarious Lex Luthor launches a plan to take over the world.",17.7551
496450,"Miraculous: Ladybug & Cat Noir, The Movie",2023-07-05,"After a guardian of magical jewels turns an awkward girl and a popular boy into superheroes, they can never reveal their identities — even to each other.",14.0634
11253,Hellboy II: The Golden Army,2008-07-11,"Hellboy, his pyrokinetic girlfriend, Liz, and aquatic empath, Abe Sapien, face their biggest battle when an underworld elven prince plans to reclaim Earth for his magical kindred. Tired of living in the shadow of humans, Prince Nuada tries to awaken an ancient force of killing machines, the all-powerful Golden Army, to clear the way for fantasy creatures to roam free. Only Hellboy can stop the dark prince and prevent humanity's annihilation.",11.9867
464052,Wonder Woman 1984,2020-12-16,A botched store robbery places Wonder Woman in a global battle against a powerful and mysterious ancient force that puts her powers in jeopardy.,13.4256
1487,Hellboy,2004-04-02,"In the final days of World War II, the Nazis attempt to use black magic to aid their dying cause. The Allies raid the camp where the ceremony is taking place, but not before they summon a baby demon who is rescued by Allied forces and dubbed ""Hellboy"". Sixty years later, Hellboy serves the cause of good rather than evil as an agent in the Bureau of Paranormal Research & Defense, along with Abe Sapien - a merman with psychic powers, and Liz Sherman - a woman with pyrokinesis, protecting America against dark forces.",12.0066
1003598,Avengers: Secret Wars,2027-12-15,An upcoming film in Phase Six of the Marvel Cinematic Universe (MCU) and the finale of The Multiverse Saga.,13.3765
340102,The New Mutants,2020-04-02,"Five young mutants, just discovering their abilities while held in a secret facility against their will, fight to escape their past sins and save themselves.",12.684
957452,The Crow,2024-08-21,"Soulmates Eric and Shelly are brutally murdered when the demons of her dark past catch up with them. Given the chance to save his true love by sacrificing himself, Eric sets out to seek merciless revenge on their killers, traversing the worlds of the living and the dead to put the wrong things right.",13.9087
9741,Unbreakable,2000-11-22,"An ordinary man makes an extraordinary discovery when a train accident leaves his fellow passengers dead — and him unscathed. The answer to this mystery could lie with the mysterious Elijah Price, a man who suffers from a disease that renders his bones as fragile as glass.",15.4427
36586,Blade II,2002-03-22,"Blade forms an uneasy alliance with the vampire council in order to combat the Reapers, who are feeding on vampires.",13.8058
385103,Scoob!,2020-07-08,"In Scooby-Doo’s greatest adventure yet, see the never-before told story of how lifelong friends Scooby and Shaggy first met and how they joined forces with young detectives Fred, Velma, and Daphne to form the famous Mystery Inc. Now, with hundreds of cases solved, Scooby and the gang face their biggest, toughest mystery ever: an evil plot to unleash the ghost dog Cerberus upon the world. As they race to stop this global “dogpocalypse,” the gang discovers that Scooby has a secret legacy and an epic destiny greater than anyone ever imagined.",14.3093
9495,The Crow,1994-05-11,"Exactly one year after young rock guitarist Eric Draven and his fiancée are brutally killed by a ruthless gang of criminals, Draven, watched over by a hypnotic crow, returns from the grave to exact revenge.",13.4688
1656,The Legend of Zorro,2005-10-24,"Despite trying to keep his swashbuckling to a minimum, a threat to California's pending statehood causes the adventure-loving Don Alejandro de la Vega and his wife, Elena, to take action.",11.8434
414,Batman Forever,1995-06-16,"Batman faces off against two foes: the schizophrenic, horribly scarred former District Attorney Harvey Dent, aka Two-Face, and the Riddler, a disgruntled ex-Wayne Enterprises inventor seeking revenge against his former employer by unleashing his brain-sucking weapon on Gotham City's residents. As the caped crusader also copes with tortured memories of his parents' murder, he has a new romance, with psychologist Chase Meridian.",12.4865
1498,Teenage Mutant Ninja Turtles,1990-03-30,"A quartet of humanoid turtles, trained by their mentor in Ninjutsu, must learn to work together to face the menace of Shredder and the Foot Clan.",10.7096
526896,Morbius,2022-03-30,"Dangerously ill with a rare blood disorder, and determined to save others suffering his same fate, Dr. Michael Morbius attempts a desperate gamble. What at first appears to be a radical success soon reveals itself to be a remedy potentially worse than the disease.",12.8729
23483,Kick-Ass,2010-03-26,"Dave Lizewski is an unnoticed high school student and comic book fan who one day decides to become a super-hero, even though he has no powers, training or meaningful reason to do so.",13.3798
565770,Blue Beetle,2023-08-16,"Recent college grad Jaime Reyes returns home full of aspirations for his future, only to find that home is not quite as he left it. As he searches to find his purpose in the world, fate intervenes when Jaime unexpectedly finds himself in possession of an ancient relic of alien biotechnology: the Scarab.",12.7199
338969,The Toxic Avenger Unrated,2025-08-28,"When a downtrodden janitor, Winston Gooze, is exposed to a catastrophic toxic accident, he’s transformed into a new kind of hero: The Toxic Avenger. Now, Toxie must rise from outcast to savior, taking on ruthless corporate overlords and corrupt forces who threaten his son, his friends, and his community.",11.9366
8960,Hancock,2008-07-01,"Hancock is a down-and-out superhero who's forced to employ a PR expert to help repair his image when the public grows weary of all the damage he's inflicted during his lifesaving heroics. The agent's idea of imprisoning the antihero to make the world miss him proves successful, but will Hancock stick to his new sense of purpose or slip back into old habits?",10.745
1452,Superman Returns,2006-06-28,"Superman returns to discover his 5-year absence has allowed Lex Luthor to walk free, and that those he was closest to felt abandoned and have moved on. Luthor plots his ultimate revenge that could see millions killed and change the face of the planet forever, as well as ridding himself of the Man of Steel.",11.4322
228165,The SpongeBob Movie: Sponge Out of Water,2015-01-28,"Evil pirate Burger Beard is in search of the final page of a magical book that makes any evil plan he writes in it come true, but the final page happens to be the Krabby Patty secret formula. When Burger Beard endangers Bikini Bottom, SpongeBob, Patrick, Mr. Krabs, Squidward, Sandy, and Plankton must embark on a quest to retrieve the recipe and save their city...a quest that takes them to the surface world and transforms them into superheroes.",11.8731
9480,Daredevil,2003-02-14,"By day, blind attorney Matt Murdock toils for justice in Hell's Kitchen. By night, he's Daredevil, The Man Without Fear - a powerful, masked vigilante stalking the dark streets with an uncanny ""radar sense"" that allows him to ""see"" with superhuman capabilities. But when the love of his life, fiery Elektra Natchios, is targeted by New York City's ruthless Kingpin of crime and his deadly assassin Bullseye, Daredevil may be about to meet his match.",12.8862
1979,Fantastic Four: Rise of the Silver Surfer,2007-06-13,"The Fantastic Four return to the big screen as a new and all powerful enemy threatens the Earth. The seemingly unstoppable 'Silver Surfer', but all is not what it seems and there are old and new enemies that pose a greater threat than the intrepid superheroes realize.",11.0675
71676,Ghost Rider: Spirit of Vengeance,2011-12-10,"When the devil resurfaces with aims to take over the world in human form, Johnny Blaze reluctantly comes out of hiding to transform into the flame-spewing supernatural hero Ghost Rider -- and rescue a 10-year-old boy from an unsavory end.",11.5747
614930,Teenage Mutant Ninja Turtles: Mutant Mayhem,2023-07-31,"After years of being sheltered from the human world, the Turtle brothers set out to win the hearts of New Yorkers and be accepted as normal teenagers through heroic acts. Their new friend April O'Neil helps them take on a mysterious crime syndicate, but they soon get in over their heads when an army of mutants is unleashed upon them.",10.5132
539681,DC League of Super-Pets,2022-07-27,"When Superman and the rest of the Justice League are kidnapped, Krypto the Super-Dog must convince a rag-tag shelter pack - Ace the hound, PB the potbellied pig, Merton the turtle and Chip the squirrel - to master their own newfound powers and help him rescue the superheroes.",9.2899
9342,The Mask of Zorro,1998-07-16,"It has been twenty years since Don Diego de la Vega fought Spanish oppression in Alta California as the legendary romantic hero, Zorro. Having escaped from prison he transforms troubled bandit Alejandro into his successor, in order to foil the plans of the tyrannical Don Rafael Montero who robbed him of his freedom, his wife and his precious daughter.",10.6103
774752,The Guardians of the Galaxy Holiday Special,2022-11-24,"On a mission to make Christmas unforgettable for Quill, the Guardians head to Earth in search of the perfect present.",9.6893
166424,Fantastic Four,2015-08-05,"Four young outsiders teleport to a dangerous universe, which alters their physical form in shocking ways. Their lives irrevocably upended, the team must learn to harness their daunting new abilities and work together to save Earth from a former friend turned enemy.",10.1708
9482,Judge Dredd,1995-06-30,"In a dystopian future where Judges maintain law and order by acting as judge, jury, and executioner, Dredd fights to prove his innocence after being falsely accused of murder.",10.1446
629176,Samaritan,2022-08-25,"Thirteen year old Sam Cleary suspects that his mysteriously reclusive neighbor Mr. Smith is actually the legendary vigilante Samaritan, who was reported dead 25 years ago. With crime on the rise and the city on the brink of chaos, Sam makes it his mission to coax his neighbor out of hiding to save the city from ruin.",9.8972
8536,Superman II,1980-12-04,"Three Kryptonian criminals led by General Zod team up with Lex Luthor to conquer Earth, forcing a depowered Superman to regain his strength and stop them.",10.2419
14919,Batman: Mask of the Phantasm,1993-12-25,"Andrea Beaumont leaves her father to return to Gotham, rekindling an old romance with Bruce Wayne. At the same time, a mysterious figure begins to hunt down Gotham's criminals, wrongly implicating Batman in the murders. Now on the run from the law, Batman must find and stop the culprit, while also navigating his relationship with Andrea.",9.6446
314,Catwoman,2004-07-22,"Liquidated after discovering a corporate conspiracy, mild-mannered graphic artist Patience Phillips washes up on an island, where she's resurrected and endowed with the prowess of a cat — and she's eager to use her new skills... as a vigilante. Before you can say ""cat and mouse"", handsome gumshoe Tom Lone is on her tail, fascinated by both of her personas.",11.0905
59859,Kick-Ass 2,2013-07-17,"After Kick-Ass' insane bravery inspires a new wave of self-made masked crusaders, he joins a patrol led by the Colonel Stars and Stripes. When these amateur superheroes are hunted down by Red Mist — reborn as The Mother Fucker — only the blade-wielding Hit-Girl can prevent their annihilation.",10.8414
11918,Superhero Movie,2008-03-28,"Rick Riker is a nerdy teen imbued with superpowers by a radioactive dragonfly. And because every hero needs a nemesis, enter Lou Landers, aka the villainously goofy Hourglass.",9.7805
10214,Son of the Mask,2005-02-11,"Tim Avery, an aspiring cartoonist, finds himself in a predicament when his dog stumbles upon the mask of Loki. Then after conceiving an infant son ""born of the mask"", he discovers just how looney child raising can be.",9.7606
11459,Sky High,2005-07-29,"Set in a world where superheroes are commonly known and accepted, young Will Stronghold, the son of the Commander and Jetstream, tries to find a balance between being a normal teenager and an extraordinary being.",10.7825
1147416,"Miraculous World: London, at the Edge of Time",2024-11-14,"To save the future from a terrible fate, Marinette becomes Chronobug and teams up with Bunnyx to defeat a mysterious opponent who travels through time.",9.8766
547016,The Old Guard,2020-07-09,Four undying warriors who've secretly protected humanity for centuries become targeted for their mysterious powers just as they discover a new immortal.,9.4462
1195506,Novocaine,2025-03-03,"When the girl of his dreams is kidnapped, everyman Nate turns his inability to feel pain into an unexpected strength in his fight to get her back.",11.2422
13056,Punisher: War Zone,2008-12-05,"Waging his one-man war on the world of organized crime, ruthless vigilante-hero Frank Castle sets his sights on overeager mob boss Billy Russoti. After Russoti is left horribly disfigured by Castle, he sets out for vengeance under his new alias: Jigsaw. With the ""Punisher Task Force"" hot on his trail and the FBI unable to take Jigsaw in, Frank must stand up to the formidable army that Jigsaw has recruited before more of his evil deeds go unpunished.",8.8177
40662,Batman: Under the Red Hood,2010-07-27,"One part vigilante, one part criminal kingpin, Red Hood begins cleaning up Gotham with the efficiency of Batman, but without following the same ethical code.",8.3775
382322,Batman: The Killing Joke,2016-07-24,"As Batman hunts for the escaped Joker, the Clown Prince of Crime attacks the Gordon family to prove a diabolical point mirroring his own fall into madness.",8.3995
5550,RoboCop 3,1993-01-21,"The mega corporation Omni Consumer Products is still bent on creating their pet project, Delta City, to replace the rotting city of Detroit. Unfortunately, the inhabitants of the area have no intention of abandoning their homes simply for desires of the company. To this end, OCP have decided to force them to leave by employing a ruthless mercenary army to attack and harass them. An underground resistance begins and in this fight, RoboCop must decide where his loyalties lie.",9.4734
11411,Superman IV: The Quest for Peace,1987-07-24,"With global superpowers engaged in an increasingly hostile arms race, Superman leads a crusade to rid the world of nuclear weapons. But Lex Luthor, recently sprung from jail, is declaring war on the Man of Steel and his quest to save the planet. Using a strand of Superman's hair, Luthor synthesizes a powerful ally known as Nuclear Man and ignites an epic battle spanning Earth and space.",8.5476
11649,Masters of the Universe,1987-08-07,"When the evil Skeletor finds a mysterious power called the Cosmic Key, he becomes nearly invincible, seizing Castle Grayskull and the surrounding city. The Sorceress is now Skeletor's prisoner and he begins to drain her life-force as he waits for the moon of Eternia to align with the Great Eye of the Universe which will bestow god-like power upon him. However, courageous warrior He-Man locates the locksmith inventor Gwildor, who created the Key and has another version of it. During a battle, one of the Keys is transported to Earth, where it is found by teenagers Julie and Kevin. Now, both He-Man and Skeletor's forces arrive on Earth searching for the potent weapon.",7.9414
461130,Code 8,2019-12-06,"In Lincoln City, some inhabitants have extraordinary abilities. Most live below the poverty line, under the close surveillance of a heavily militarized police force. Connor, a construction worker with powers, involves with a criminal gang to help his ailing mother. (Based on the short film “Code 8,” 2016.)",7.7447
14164,Dragonball Evolution,2009-03-12,"On his 18th birthday, Goku receives a mystical Dragonball as a gift from his grandfather. There are only six others like it in the whole world, and legend has it that whoever possesses all seven will be granted one perfect wish. When the arrival of a dark force triggers a tragedy, Goku and his companions are propelled into an epic quest to collect the seven Dragonballs and save the Earth from destruction.",8.3472
926670,Henry Danger: The Movie,2025-01-17,"Henry Hart meets a superfan—eager to fight crime with Kid Danger—who comes into possession of a device that can open up alternate realities. Facing a wild ride, Henry will need his best friend Jasper and his new superfan sidekick to find his way out or be stuck in another dimension forever.",13.3497
9651,Supergirl,1984-07-01,"After losing a powerful orb, Kara, Superman's cousin, comes to Earth to retrieve it and instead finds herself up against a wicked witch.",7.8382
455476,Knights of the Zodiac,2023-04-27,"When a headstrong street orphan, Seiya, in search of his abducted sister unwittingly taps into hidden powers, he discovers he might be the only person alive who can protect a reincarnated goddess, sent to watch over humanity. Can he let his past go and embrace his destiny to become a Knight of the Zodiac?",8.1404
1297763,Batman Ninja vs. Yakuza League,2025-03-17,"The Batman family has returned to the present to discover that Japan has disappeared, and a giant island - Hinomoto - is now in the sky over Gotham City.  At the top sit the Yakuza, a group of superpowered individuals who reign without honor or humanity and look suspiciously like the Justice League. Now, it’s up to Batman and his allies to save Gotham!",10.4563
338762,Bloodshot,2020-03-05,"After he and his wife are murdered, marine Ray Garrison is resurrected by a team of scientists. Enhanced with nanotechnology, he becomes a superhuman, biotech killing machine—'Bloodshot'. As Ray first trains with fellow super-soldiers, he cannot recall anything from his former life. But when his memories flood back and he remembers the man that killed both him and his wife, he breaks out of the facility to get revenge, only to discover that there's more to the conspiracy than he thought.",9.6049
30675,Planet Hulk,2010-02-02,"When the Hulk's presence on Earth becomes too great a risk, the Illuminati trick him to board a shuttle destined for a planet where he will be able to live in peace, and launch it into space. The Hulk's struggle to escape causes the shuttle to malfunction and crash land on the planet Sakaar, however, where he is sold into slavery and trained as a gladiator.",6.1724
618344,Justice League Dark: Apokolips War,2020-05-05,"Earth is decimated after intergalactic tyrant Darkseid has devastated the Justice League in a poorly executed war by the DC Super Heroes. Now the remaining bastions of good – the Justice League, Teen Titans, Suicide Squad and assorted others – must regroup, strategize and take the war to Darkseid in order to save the planet and its surviving inhabitants.",7.1648
474395,Teen Titans Go! To the Movies,2018-07-27,"All the major DC superheroes are starring in their own films, all but the Teen Titans, so Robin is determined to remedy this situation by getting over his role as a sidekick and becoming a movie star. Thus, with a few madcap ideas and an inspirational song in their hearts, the Teen Titans head to Hollywood to fulfill their dreams.",9.4196
911916,Spider-Man: Beyond the Spider-Verse,2027-06-17,"Hunted by Miguel O'Hara's Spider Society and betrayed by his friends, Miles finds himself in the darkest corners of the Spider-Verse in search of a way home. Knowing that his family has been not only fractured but endangered by his calling, it's a race against the clock for Miles to travel across the wildest reaches of time and space to fight for and reunite everything he holds most dear.",7.5934
15239,The Toxic Avenger,1984-05-15,"A gang of thugs devise a cruel hoax that goes horribly wrong as Melvin, a nerdy emaciated janitor at the local health club, is cast through a third story window into a vat of hazardous toxic waste.",7.0189
1094556,The Thundermans Return,2024-03-07,"Twins Phoebe and Max are enjoying their superhero lifestyle, but when one 'save' goes awry, the Thundermans are sent back to Hiddenville. While Hank and Barb enjoy their return, and Billy and Nora look forward to a normal high school life, Max and Phoebe are determined to regain their superhero status.",12.441
59387,The Powerpuff Girls Movie,2002-07-03,"After destroying the city of Townsville in a game of tag, a trio of superpowered little girls must redeem themselves by stopping a vengeful monkey's plot for world domination.",7.9048
1273,TMNT,2007-03-23,"After the defeat of their old arch nemesis, The Shredder, the Turtles have grown apart as a family. Struggling to keep them together, their rat sensei, Splinter, becomes worried when strange things begin to brew in New York City.",8.0605
268531,Captain Underpants: The First Epic Movie,2017-06-01,"Based on the bestselling book series, this outrageous comedy tells the story of George and Harold,  two overly imaginative pranksters who hypnotize their principal into thinking he’s an enthusiastic, yet dimwitted, superhero named Captain Underpants.",8.4454
929130,Heroine in Peril Omnibus - Fighter of the Sun Leona V,2013-08-23,"The 4th film in the Heroine In Danger Omnibus tokusatsu series. Yui Kuwana is a school teacher who fights against evil as Leona. One day, Leona finds her student nearly getting hit by a vehicle. She saves Tsuyoshi but Traffic Monster named Hazardeor appears and tries to kidnap him.",7.4139
9320,The Avengers,1998-08-13,"British Ministry agent John Steed, under direction from ""Mother"", investigates a diabolical plot by arch-villain Sir August de Wynter to rule the world with his weather control machine. Steed investigates the beautiful Doctor Mrs. Emma Peel, the only suspect, but simultaneously falls for her and joins forces with her to combat Sir August.",7.7251
9531,Superman III,1983-06-17,"Aiming to defeat the Man of Steel, wealthy executive Ross Webster hires bumbling but brilliant Gus Gorman to develop synthetic kryptonite, which yields some unexpected psychological effects. Between rekindling romance with his high school sweetheart and saving himself, Superman must contend with a powerful supercomputer.",7.3074
768744,My Hero Academia: World Heroes' Mission,2021-08-06,"A mysterious group called Humarize strongly believes in the Quirk Singularity Doomsday theory which states that when quirks get mixed further in with future generations, that power will bring forth the end of humanity. In order to save everyone, the Pro-Heroes around the world ask UA Academy heroes-in-training to assist them and form a world-class selected hero team. It’s up to the heroes to save the world and the future of heroes in what is the most dangerous crisis to take place yet in My Hero Academia.",9.3792
634429,Shin Ultraman,2022-05-13,"The Japanese government sets up a special task force to fight the giant creatures suddenly appearing across the country. Soon, the squad unexpectedly meets a giant silver humanoid who starts appearing every time a space monster attacks!",6.558
894205,Werewolf by Night,2022-09-25,"On a dark and somber night, a secret cabal of monster hunters emerge from the shadows and gather at the foreboding Bloodstone Temple following the death of their leader. In a strange and macabre memorial to the leader’s life, the attendees are thrust into a mysterious and deadly competition for a powerful relic—a hunt that will ultimately bring them face to face with a dangerous monster.",7.2654
1147411,"Miraculous World: Tokyo, Stellar Force",2025-12-07,"Kagami drags Marinette to Tokyo to help the Stellars defeat a new supervillain, but Marinette soon realizes her friend has another, untold reason for this trip to Japan.",6.5611
610150,Dragon Ball Super: Super Hero,2022-06-11,"The Red Ribbon Army, an evil organization that was once destroyed by Goku in the past, has been reformed by a group of people who have created new and mightier Androids, Gamma 1 and Gamma 2, and seek vengeance against Goku and his family.",8.5212
592350,My Hero Academia: Heroes Rising,2019-12-20,"Class 1-A visits Nabu Island where they finally get to do some real hero work. The place is so peaceful that it's more like a vacation... until they're attacked by a villain with an unfathomable Quirk! His power is eerily familiar, and it looks like Shigaraki had a hand in the plan. But with All Might retired and citizens' lives on the line, there's no time for questions. Deku and his friends are the next generation of heroes, and they're the island's only hope.",8.2928
1155089,Justice League: Crisis on Infinite Earths Part One,2024-01-08,"Death is coming. Worse than death: oblivion. Not just for our Earth, but for everyone, everywhere, in every universe! Against this ultimate destruction, the mysterious Monitor has gathered the greatest team of Super Heroes ever assembled. But what can the combined might of Superman, Wonder Woman, Batman, The Flash, Green Lantern and hundreds of Super Heroes from multiple Earths even do to save all of reality from an unstoppable antimatter armageddon?!",6.1015
10249,The Rocketeer,1991-06-21,"A stunt pilot comes across a prototype jetpack that gives him the ability to fly. However, evil forces of the world also want this jetpack at any cost.",6.9528
15805,Batman & Mr. Freeze: SubZero,1998-02-11,"When Mr. Freeze kidnaps Barbara Gordon, as an involuntary organ donor to save his dying wife, Batman and Robin must find her before the operation can begin.",5.7473
257346,Avengers Confidential: Black Widow & Punisher,2014-04-19,"When the Punisher takes out a black-market weapons dealer, he stumbles upon a far-reaching terrorist plot devised by a group known as Leviathan.",6.9366
1359227,LEGO Marvel Avengers: Mission Demolition,2024-10-17,"A young, aspiring hero and superhero fan inadvertently unleashes a powerful new villain looking to rid the world of the Avengers.",6.2159
8850,The Shadow,1994-07-01,"Based on the 1930s comic strip, The Shadow is put up against his archenemy Shiwan Khan, who plans to take over the world by holding a city to ransom using an atom bomb. Using his powers of invisibility and ""the power to cloud men's minds"", The Shadow comes blazing to the rescue with explosive results.",7.2348
829402,Ultraman: Rising,2024-06-14,"A star athlete reluctantly returns home to take over his father's duties as Ultraman, shielding Tokyo from giant monsters as he becomes a legendary hero.",5.6609
1003579,Batman: The Doom That Came to Gotham,2023-03-10,"Explorer Bruce Wayne accidentally unleashes an ancient evil, and returns to Gotham after being away for two decades. There, Batman battles Lovecraftian supernatural forces and encounters allies and enemies such as Green Arrow, Ra's al Ghul, Mr. Freeze, Killer Croc, Two-Face and James Gordon.",6.1735
40805,The Green Hornet,2011-01-12,"Britt Reid, the heir to the largest newspaper fortune in Los Angeles, is a spoiled playboy who has been, thus far, happy to lead an aimless life. After his father dies, Britt meets Kato, a resourceful company employee. Realizing that they have the talent and resources to make something of their lives, Britt and Kato join forces as costumed crime-fighters to bring down the city's most-powerful criminal, Chudnofsky.",7.7229
16577,Astro Boy,2009-10-15,"Set in the futuristic Metro City, Astro Boy (Atom) is a young robot with incredible powers created by a brilliant scientist in the image of the son he had lost. Unable to fulfill his creator's expectations, Astro embarks on a journey in search of acceptance, experiencing betrayal and a netherworld of robot gladiators, before returning to save Metro City and reconcile with the father who rejected him.",7.0403
1499,Teenage Mutant Ninja Turtles III,1993-03-17,"The four turtles travel back in time to the days of the legendary and deadly samurai in ancient Japan, where they train to perfect the art of becoming one. The turtles also assist a small village in an uprising.",6.5232
2661,Batman,1966-07-30,The Dynamic Duo faces four super-villains who plan to hold the world for ransom with the help of a secret invention that instantly dehydrates people.,6.2184
9460,Black Mask,1996-11-07,"Super-soldier recruit Tsui Chik is forced to escape with his comrades after the project is canceled. Months later, he's trying to have a quiet life as a librarian with his best friend, Inspector Shek Wai-Ho. However, a string of vicious gangland murders begins that has all the markings of Tsui's former compatriots who seem to have turned to crime. Realizing that the police are helpless, he decides to take them on himself. With a disguise, Tsui becomes the mysterious superhero known only as Black Mask.",6.7959
379291,Justice League vs. Teen Titans,2016-03-26,Robin is sent by Batman to work with the Teen Titans after his volatile behavior botches up a Justice League mission. The Titans must then step up to face Trigon after he possesses the League and threatens to conquer the world.,5.9807
886396,Batman and Superman: Battle of the Super Sons,2022-10-17,"After discovering he has powers, 11-year-old Jonathan Kent and assassin-turned-Boy-Wonder Damian Wayne must join forces to rescue their fathers (Superman & Batman) and save the planet from the malevolent alien force known as Starro.",6.3509
69735,Batman: Year One,2011-09-27,A wealthy playboy named Bruce Wayne and a Chicago cop named Jim Gordon both return to Gotham City where their lives unexpectedly intersect.,5.461
242643,Batman: Assault on Arkham,2014-08-12,Batman works desperately to find a bomb planted by the Joker while Amanda Waller sends her newly-formed Suicide Squad to break into Arkham Asylum and recover vital information stolen by the Riddler.,6.5254
567604,Once Upon a Deadpool,2018-12-11,"A kidnapped Fred Savage is forced to endure Deadpool's PG-13 rendition of Deadpool 2, as a Princess Bride-esque story full of magic, wonder, and zero Fs.",6.8579
791155,Secret Headquarters,2022-08-12,"While hanging out after school, Charlie and his friends discover the headquarters of the world’s most powerful superhero hidden beneath his home. When villains attack, they must team up to defend the headquarters and save the world.",6.1867
9556,Darkman,1990-08-24,"Dr. Peyton Westlake is on the verge of realizing a major breakthrough in synthetic skin when his laboratory is destroyed by gangsters. Having been burned beyond recognition and forever altered by an experimental medical procedure, Westlake becomes known as Darkman, assuming alternate identities in his quest for revenge and a new life with a former love.",6.847
16000,Ben 10: Race Against Time,2008-02-11,"Ben, Gwen, and Max must stop an extraterrestrial who plans to open a gateway that leads to an alien invasion.",5.9224
6589,Underdog,2007-08-03,A lab accident gives a beagle named Shoeshine some serious superpowers -- a secret that the dog eventually shares with the young boy who becomes his owner and friend.,5.4117
1003580,Legion of Super-Heroes,2023-02-07,"Kara, devastated by the loss of Krypton, struggles to adjust to her new life on Earth. Her cousin, Superman, mentors her and suggests she leave their space-time to attend the Legion Academy in the 31st century, where she makes new friends and a new enemy: Brainiac 5. Meanwhile, she must contend with a mysterious group called the Dark Circle as it searches for a powerful weapon held in the Academy’s vault.",6.4224
43641,Superman/Shazam!: The Return of Black Adam,2010-11-16,"Chosen the world’s protector against the Seven Deadly Enemies of Man – pride, envy, greed, hatred, selfishness, laziness and injustice – young Billy Batson accepts his destiny as Captain Marvel. Battling alongside Superman against nefarious Black Adam, Billy soon discovers the challenge super heroes ultimately face: is it revenge or justice?",4.4452
1209288,Justice League: Crisis on Infinite Earths Part Two,2024-04-22,"An endless army of shadow demons bent on the destruction of all reality swarms over our world and all parallel Earths! The only thing opposing them is the mightiest team of metahumans ever assembled. But not even the combined power of Superman, Batman, Wonder Woman, Green Lantern and all their fellow superheroes can slow down the onslaught of this invincible horde. What mysterious force is driving them? And how do the long-buried secrets of the Monitor and Supergirl threaten to crush our last defense?",6.5239
1497,Teenage Mutant Ninja Turtles II: The Secret of the Ooze,1991-03-22,"The Turtles and the Shredder battle once again, this time for the last cannister of the ooze that created the Turtles, which Shredder wants to create an army of new mutants. Meanwhile Splinter is coming... to a decision.",6.533
8675,Orgazmo,1998-07-02,A devout Mormon living in L.A. becomes a pornographic actor after his martial arts moves impress a big-time director.,6.9227
1147400,"Miraculous World: Paris, Tales of Shadybug and Claw Noir",2024-02-11,Ladybug and Cat Noir discover the existence of a parallel universe in which they're supervillains determined to seize the Butterfly Miraculous.,6.2248
765172,Rise of the Teenage Mutant Ninja Turtles: The Movie,2022-11-19,"When a mysterious stranger arrives from the future with a dire warning, Leo is forced to rise and lead his brothers, Raph, Donnie, and Mikey in a fight to save the world from a terrifying alien species.",5.5888
1003581,Justice League: Warworld,2023-07-25,"Until now, the Justice League has been a loose association of superpowered individuals. But when they are swept away to Warworld, a place of unending brutal gladiatorial combat, Batman, Superman, Wonder Woman and the others must somehow unite to form an unbeatable resistance able to lead an entire planet to freedom.",5.0263
505262,My Hero Academia: Two Heroes,2018-08-03,"All Might and Deku accept an invitation to go abroad to a floating and mobile manmade city, called 'I-Island', where they research quirks as well as hero supplemental items at the special 'I-Expo' convention that is currently being held on the island. During that time, suddenly, despite an iron wall of security surrounding the island, the system is breached by a villain, and the only ones able to stop him are the students of Class 1-A.",5.6382
615677,We Can Be Heroes,2020-12-25,"When alien invaders capture Earth's superheroes, their kids must learn to work together to save their parents - and the planet.",6.7488
4474,My Super Ex-Girlfriend,2006-07-20,"When New York architect Matt Saunders dumps his new girlfriend Jenny Johnson—a smart, sexy, and reluctant superhero known as G-Girl—she uses her powers to make his life a living hell.",6.1413
65291,Green Lantern: Emerald Knights,2011-06-07,"As the home planet of the Green Lantern Corps faces a battle with an ancient enemy, Hal Jordan prepares new recruit Arisia for the coming conflict by relating stories of the first Green Lantern and several of Hal's comrades.",6.3488
34433,Dragon Ball Z: Broly - The Legendary Super Saiyan,1993-03-06,"While the Saiyan Paragus persuades Vegeta to rule a new planet, King Kai alerts Goku of the South Galaxy's destruction by an unknown Super Saiyan.",7.6988
9947,Elektra,2005-01-13,"Elektra the warrior survives a near-death experience, becomes an assassin-for-hire, and tries to protect her two latest targets, a single father and his young daughter, from a group of supernatural assassins.",9.1835
806704,The Batman: Part II,2028-02-17,Sequel to the 2022 film The Batman.,5.9124
556901,Teen Titans Go! vs. Teen Titans,2019-07-21,"The comedic modern-day quintet takes on their 2003 counterparts when villains from each of their worlds join forces to pit the two Titan teams against each other. They'll need to set aside their differences and work together to combat Trigon, Hexagon, Santa Claus (that's right, Santa!) and time itself in order to save the multiverse.",5.8801
13851,Batman: Gotham Knight,2008-07-08,Six interlocking stories reveal Bruce Wayne's earliest adventures as Batman and the steps he took to become the grim avenger of Gotham City.,5.2518
17445,Green Lantern: First Flight,2009-07-28,"Test pilot Hal Jordan finds himself recruited as the newest member of the intergalactic police force, The Green Lantern Corps.",5.6765
8867,The Punisher,1989-10-05,"The avenging angel of Marvel Comics fame comes brilliantly to life in this searing action-adventure thriller! Dolph Lundgren stars as Frank Castle, a veteran cop who loses his entire family to a mafia car bomb. His ex-partner believes Castle survived the blast and became the Punisher, living in the sewers and exacting vigilante violence against mob bosses throughout the city. When the populace is caught in the midst of a gang war that he caused, Castle must again emerge from the shadows and save the innocent.",8.2506
14113,Zoom,2006-08-11,"Jack Shepard is an out-of-shape auto shop owner, far removed from the man who once protected the world's freedom. Reluctantly called back into action by the government, Jack is tasked with turning a ragtag group of kids with special powers into a new generation of superheroes to save the world from certain destruction.",6.4406
1209290,Justice League: Crisis on Infinite Earths Part Three,2024-07-15,"Now fully revealed as the ultimate threat to existence, the Anti-Monitor wages an unrelenting attack on the surviving Earths that struggle for survival in a pocket universe. One by one, these worlds and all their inhabitants are vaporized! On the planets that remain, even time itself is shattered, and heroes from the past join the Justice League and their rag-tag allies against the epitome of evil. But as they make their last stand, will the sacrifice of the superheroes be enough to save us all?",5.2649
20771,Kim Possible Movie: So the Drama,2005-04-08,"Dr. Drakken has an evil new plot for world domination, but his ultimate success depends upon finding out KP's weakness which may involve a new hottie at Middleton High School named Eric, who suddenly sparks feelings in Ron about Kim that resemble much more than friendship. To make matters worse, Bueno Nacho, Ron's favorite fast food chain has turned sour on him by bombarding him with little Devils.",5.5461
406429,League of Gods,2016-07-28,"During the reign of King Zhou, an official enters his bedchamber, and is devoured by the monstrous tails of Daji, his concubine. Outside their city, several warriors within a metal wagon discuss their strategies to free the Invisible People and their Chief, when Jiang Ziya appears to them. He tells them that when King Zhou was younger, he let himself become possessed by the Black Dragon for his quest for power.",4.2652
932420,Code 8 Part II,2024-02-27,"In a world where superpowered people are heavily policed by robots, an ex-con teams up with a drug lord he despises to protect a teen from a corrupt cop.",5.3621
332,Inspector Gadget,1999-07-23,"John Brown is a bumbling but well-intentioned security guard who is badly injured in an explosion planned by an evil mastermind. He is taken to a laboratory, where Brenda, a leading robotics surgeon, replaces his damaged limbs with state-of-the-art gadgets and tools. Named ""Inspector Gadget"" by the press, John -- along with his niece, Penny, and her trusty dog, Brain -- uses his new powers to discover who was behind the explosion.",6.7243
961651,Spider-Man: All Roads Lead to No Way Home,2022-05-03,"JB Smoove and Martin Starr host a celebration of 20 years of ""Spider-Man"" movies, from the Sam Raimi trilogy to Marc Webb's movies and the trio from Jon Watts.",4.7416
11817,Bulletproof Monk,2003-03-28,"A mysterious and immortal Tibetan kung fu master, who has spent the last 60 years traveling around the world protecting the ancient Scroll of the Ultimate, mentors a selfish street kid in the ancient intricacies of kung fu.",5.8901
10546,The Crow: City of Angels,1996-08-29,"A murder victim is brought back to life by a mysterious crow. With the help of a beautiful woman, he exacts revenge on his killers – only to realize his enemy has discovered the one weakness that can destroy him forever.",5.8089
726684,Miraculous World: Shanghai - The Legend of Ladydragon,2021-05-15,"On school break, Marinette heads to Shanghai to meet Adrien. But after arriving, Marinette loses all her stuff, including the Miraculous that allows her to turn into Ladybug!",5.2907
9824,Mystery Men,1999-08-06,"When Champion City's hero Captain Amazing is kidnapped by the recently paroled supervillain Casanova Frankenstein, a trio of average, everyday superheroes -- Mr. Furious, the Shoveler and the Blue Raja -- assemble a new super team to save him.",5.6189
1276521,Charlie the Wonderdog,2025-10-24,"Nine-year-old Danny teams up with his beloved family dog Charlie, who gets abducted by aliens and returns with superpowers, to thwart a plan by the neighbor's sinister cat Puddy to destroy humanity.",6.0452
26881,The Incredible Hulk Returns,1988-05-22,"Years after the end of the original series, David Banner continues his wandering search for a cure for the condition that turns him into the Hulk. He reunites with former colleague Don Blake, unaware of his mystical connection to Thor. When a criminal organization threatens their lives, Banner is forced to unleash the Hulk once again, marking the character’s return after the series finale.",4.3008
408648,Batman and Harley Quinn,2017-07-21,"Batman and Nightwing are forced to team with the Joker's sometimes-girlfriend Harley Quinn to stop a global threat brought about by Poison Ivy and Jason Woodrue, the Floronic Man.",5.1846
17918,Swamp Thing,1982-02-19,"Mutated by his own secret formula, Dr. Alec Holland becomes Swamp Thing, a half-human, half-plant superhero who will stop at nothing to rescue government agent Alice Cable and defeat his evil arch nemesis...even if it costs him his life.",4.5793
1738010,Ghost Rider,2028-07-27,A film set in the Marvel Cinematic Universe (MCU) based on the Marvel Comics character of the same name. Plot TBA.,5.3549
947507,Just Super,2022-09-30,"11-year-old gaming enthusiast Hedvig finds her life turned upside down when she is forced to replace her father as the town’s superhero much earlier than expected. But Hedvig is no superhero, and the challenges are far greater than her coaching father anticipated.",4.7879
10658,Howard the Duck,1986-08-01,"A scientific experiment unknowingly brings extraterrestrial life forms to the Earth through a laser beam. First is the cigar-smoking drake, Howard, from the duck's planet. A few kids try to keep him from the greedy scientists and help him back to his planet, but then a much less friendly being arrives through the beam...",4.938
56590,All Star Superman,2011-01-01,"Lex Luthor enacts his plan to rid the world of Superman, once and for all. Succeeding with solar radiation poisoning, the Man of Steel is slowly dying. With what little times remains, the Last Son of Krypton must confront the revealing of his secret identity to Lois Lane and face Luthor in a final battle.",4.3686
753936,Super High,2017-09-25,"David finds himself heart-broken, alone, and lost in LA. What better way to cheer himself up than with some fine grown weed? But when the cops show up to the party he has crashed he discovers that this weed is not only dope, it's magic.",4.7295
217993,Justice League: War,2014-01-21,"The world is under attack by an alien armada led by the powerful Apokoliptian, Darkseid. A group of superheroes consisting of Superman, Batman, Wonder Woman, The Flash, Green Lantern, Cyborg, and Shazam must set aside their differences and gather together to defend Earth.",5.4003
37100,Sailor Moon R: The Movie - The Promise of the Rose,1993-12-05,"While enjoying the flower gardens, Sailor Moon and friends encounter an old childhood friend of Mamoru's: an alien! He's come back to give Mamoru a special flower but doesn't like Usagi and the rest of the planet's inhabitants. Sailor Moon must defend the earth from the evil Kisenian Flower he's brought back... before the evil vines and blossoms overrun the planet!",3.8146
732450,Batman: Soul of the Dragon,2021-01-12,"Bruce Wayne faces a deadly menace from his past, with the help of three former classmates: world-renowned martial artists Richard Dragon, Ben Turner and Lady Shiva.",5.3747
583209,Marvel Rising: Heart of Iron,2019-04-03,"Ironheart, AKA Riri Williams, is having difficulty adjusting to college life as the youngest student there when the college's engineering lab is demolished by an alien and her best friend is kidnapped. Inspired by Iron Man, she develops a plan to save her friend.",4.2244
241697,Kamen Rider × Super Sentai: Super Hero Wars,2012-04-21,"The Kamen Rider Club discovers that the Dai-Zangyack fleet is moving towards Earth, led by Captain Marvelous as their Great Emperor. With many revived Super Sentai villains under his command, Captain Marvelous plans to obtain the Great Power of the Kamen Riders which is said to be ""Ultimate Treasure in the Universe"". Meanwhile, Tsukasa Kadoya becomes the Great Leader of Dai-Shocker once again and recruits past enemies of the Kamen Riders to take down the Super Sentai teams.",3.2181
755812,"Miraculous World: New York, United HeroeZ",2020-09-25,"Marinette's class is headed to New York, the city of superheroes, for French-American Friendship Week. But the arrival of Hawk Moth will complicate everything.",5.0506
16234,Batman Beyond: Return of the Joker,2000-12-12,"The Joker is back with a vengeance, and Neo-Gotham's Dark Knight, Terry McGinnis, needs answers as he stands alone to face the old Gotham's most infamous Clown Prince of Crime.",4.4778
8285,The Spirit,2008-12-25,"Rookie cop Denny Colt returns from the beyond as The Spirit, a hero whose mission is to fight against the bad forces from the shadows of Central City.  The Octopus, who kills anyone unfortunate enough to see his face, has other plans:g to wipe out the entire city.",5.588
736073,"Batman: The Long Halloween, Part One",2021-06-21,"Following a brutal series of murders taking place on Halloween, Thanksgiving, and Christmas, Gotham City's young vigilante known as the Batman sets out to pursue the mysterious serial killer alongside police officer James Gordon and district attorney Harvey Dent.",4.8345
45132,Super,2010-11-26,"After his wife falls under the influence of a drug dealer, an everyday guy transforms himself into Crimson Bolt, a superhero with the best intentions, though he lacks for heroic skills.",5.2356
228088,Once Upon a Time: The Super Heroes,2001-12-23,"The historical saga of American superheroes. Born in the period between the Great Depression and the World War II to combat the hobgoblins of the modern world, these mutant human beings with superhuman powers colonized the funny papers, radio dramas, television and films, to become a truly national industry in the United States: they gave expression to the fears and obsessions of the twentieth century and bolstered American ideals.",4.3242
76589,Justice League: Doom,2012-02-28,"An adaptation of Mark Waid's ""Tower of Babel"" story from the JLA comic. Vandal Savage steals confidential files Batman has compiled on the members of the Justice League, and learns all their weaknesses.",4.703
408220,Justice League Dark,2017-01-24,"When innocent civilians begin committing unthinkable crimes across Metropolis, Gotham City and beyond, Batman must call upon mystical counterparts to eradicate this demonic threat to the planet; enter Justice League Dark. This team of Dark Arts specialists must unravel the mystery of Earth's supernatural plague and contend with the rising, powerful villainous forces behind the siege—before it's too late for all of mankind.",5.1531
987400,Aztec Batman: Clash of Empires,2025-09-18,"In the time of the Aztec empire, tragedy strikes Yohualli Coatl when his father is murdered by Spanish conquistadors. To warn King Moctezuma and his high priest, Yoka, of imminent danger, Yohualli escapes to Tenochtitlán. There, he trains in the temple of the bat god Tzinacan with his mentor, developing equipment and weaponry to confront the Spanish invasion and avenge his father’s death. Along the way, he encounters key figures like the fierce Jaguar Woman and the conquistador Hernán Cortés.",4.2653
618353,DC Showcase - Batman: Death in the Family,2020-10-13,Tragedy strikes the Batman's life again when Robin Jason Todd tracks down his birth mother only to run afoul of the Joker. An adaptation of the 1988 comic book storyline of the same name.,4.6042
1218032,Super Charlie,2024-12-25,"Wille has always dreamed of becoming a superhero and fight crime alongside his father. This dream is shattered when Wille's brother, Charlie, is born. Charlie gets all the attention, and on top of that – he has superpowers. When a supervillain and an evil scientist enact a plan to overthrow the city, Wille and Charlie must put their differences aside and work together as a team. Can an infant and his envious brother save the city?",5.3876
30061,Justice League: Crisis on Two Earths,2010-02-23,"A heroic version of Lex Luthor from an alternate universe appears to recruit the Justice League to help save his Earth from the Crime Syndicate, an evil version of the League. What ensues is the ultimate battle of good versus evil in a war that threatens both planets and, through a devious plan launched by Batman's counterpart Owlman, puts the balance of all existence in peril.",4.8008
45162,Superman/Batman: Apocalypse,2010-09-28,"Batman discovers a mysterious teen-aged girl with superhuman powers and a connection to Superman. When the girl comes to the attention of Darkseid, the evil overlord of Apokolips, events take a decidedly dangerous turn.",3.9743
22855,Superman/Batman: Public Enemies,2009-09-29,"United States President Lex Luthor uses the oncoming trajectory of a Kryptonite meteor to frame Superman and declare a $1 billion bounty on the heads of the Man of Steel and his ‘partner in crime’, Batman. Heroes and villains alike launch a relentless pursuit of Superman and Batman, who must unite—and recruit help—to try and stave off the action-packed onslaught, stop the meteor Luthors plot.",4.5657
887357,Green Lantern: Beware My Power,2022-07-26,"Recently discharged Marine sniper John Stewart is at a crossroads in his life, one which is only complicated by receiving an extraterrestrial ring which grants him the powers of the Green Lantern of Earth. Unfortunately, the ring doesn't come with instructions - but it does come with baggage, like a horde of interplanetary killers bent on eliminating every Green Lantern in the universe. Now, with the aid of the light-hearted Green Arrow, Adam Strange and Hawkgirl, this reluctant soldier must journey into the heart of a galactic Rann/Thanagar war and somehow succeed where all other Green Lanterns have failed.",5.0481
487672,Reign of the Supermen,2019-01-13,"In the wake of The Death of Superman, the world is still mourning the loss of the Man of Steel following his fatal battle with the monster Doomsday. However, no sooner as his body been laid to rest than do four new bearers of the Superman shield come forward to take on the mantle. The Last Son of Krypton, Superboy, Steel, and the Cyborg Superman all attempt to fill the vacuum left by the world's greatest champion. Meanwhile, Superman's death has also signaled to the universe that Earth is vulnerable. Can these new Supermen and the rest of the heroes prove them wrong?",4.436
119569,Marvel One-Shot: Item 47,2012-08-29,"Benny and Claire, a down-on-their-luck couple, find a discarded Chitauri weapon referred to as 'Item 47'.",4.3124
339362,SuperBob,2015-10-16,"After six years without a date, Robert, the world's only superhero, is looking for love. The only barrier to his plan is that he regularly has to save the world, so he needs to get some time off if he is to meet his superwoman.",2.7661
1146348,"Scooby-Doo! and Krypto, Too!",2023-09-25,"When the Justice League goes missing and villains overrun Metropolis, there's only one team that can solve this mystery: Scooby-Doo and the gang! But wait, there's a new dog in town – Krypto – Superman's Superdog with Super Powers. Mystery Inc. will need all the help it can get when phantoms menace the Justice League's headquarters.",3.8141
408647,Teen Titans: The Judas Contract,2017-04-04,Tara Markov is a girl who has power over earth and stone; she is also more than she seems. Is the newest Teen Titan an ally or a threat? And what are the mercenary Deathstroke's plans for the Titans?,4.1742
366924,Batman: Bad Blood,2016-01-19,"When Batman goes missing, it takes the entire Bat ""family"" - including Batwoman and Batwing - to keep the peace in Gotham and unravel the mystery behind the Dark Knight's disappearance.",5.8304
568271,The Hyperions,2022-11-24,"In 1960, Professor Ruckus Mandulbaum invented the Titan badge - a device that enables humans to have a particular super power. He took in three down-on-their-luck youths, creating an unusual family of superheroes and they quickly rose to fame and prestige. Over time, however, the commercial family fractured and the Professor replaced the team with a new set of super hero teens. Cut to 1979, when two of the original superheroes are all grown up and wanting their Titan badges back, even if it means robbing the Professor's museum and taking a few hostages accidentally.",4.508
546728,Auntie Edna,2018-10-23,"Taking place during the events of Incredibles 2, Edna Mode babysits Jack-Jack.",4.1058
20678,Blankman,1994-08-19,"Darryl is a childlike man with a genius for inventing various gadgets out of junk. When he stumbles on a method to make his clothes bulletproof, he decides to use his skills to be the lowest budgeted superhero of all.",3.9461
537056,Batman: Hush,2019-07-19,"A mysterious new villain known only as Hush uses a gallery of villains to destroy Batman's crime-fighting career as well as Bruce Wayne's personal life, which has been further complicated by a relationship with Selina Kyle/Catwoman.",4.7003
487670,The Death of Superman,2019-01-13,"When a hulking monster arrives on Earth and begins a mindless rampage, the Justice League is quickly called in to stop it. But it soon becomes apparent that only Superman can stand against the monstrosity.",3.6746
1068141,Mighty Morphin Power Rangers: Once & Always,2023-04-19,"After tragedy strikes, an unlikely young hero takes her rightful place among the Power Rangers to face off against the team's oldest archnemesis.",3.882
19593,The Death of the Incredible Hulk,1990-02-18,"In his final attempt to free himself from the curse of the Hulk, Dr. David Banner becomes involved in a dangerous international espionage mission that may finally lead to a cure. As forces close in and the stakes rise, Banner faces an ultimate sacrifice, bringing his tragic journey to a definitive and emotional conclusion.",3.5486
791348,DC Showcase - Constantine: The House of Mystery,2022-05-02,"John Constantine wakes up in the eerie House of Mystery with no recollection of how he got there. Fortunately, Zatanna and his friends are all there. Unfortunately, they have a bad habit of turning into demons and ripping him to shreds, over and over again!",4.7534
413279,Team Thor,2016-08-28,Discover what Thor was up to during the events of Captain America: Civil War.,4.5933
749163,Luce & Me,2020-10-04,"A 10-year-old boy is in the car with his Roman and Romanist father. They are late because the derby is about to start, but first they have to go to a place. The child is dressed in a fluttering blue miniskirt and a cape like a superheroine. They arrive at the supposed show. Ettore begins to sing a song with female movements, but after a few bars, he is interrupted. He is not in school, but in a room of a pediatric hospital and in front of him there is a friend of his who is taken to the operating room.",3.7662
9456,The Crow: Salvation,2000-01-23,"Alex Corvis, a man wrongly executed for the murder of his girlfriend, returns from the dead and sets out to find the real killer.",6.526
316322,Barbie in Princess Power,2015-01-29,"Barbie is Kara - a modern-day princess with a normal life. Kissed by a butterfly which gives her superpowers and allows her to become a Super Sparkle, she is ready to save the kingdom from evil - were it not for her jealous cousin who is also kissed by the butterfly and becomes her rival and nemesis. Watch as Super Sparkle and Dark Sparkle learn that together they can become a great team for good once they learn the power of friendship.",3.878
736069,Justice Society: World War II,2021-04-27,"When the Flash finds himself dropped into the middle of World War II, he joins forces with Wonder Woman and her top-secret team known as the Justice Society of America.",3.7305
18882,Man-Thing,2005-04-21,"Agents of an oil tycoon vanish while exploring a swamp marked for drilling. The local sheriff investigates and faces a Seminole legend come to life: Man-Thing, a shambling swamp-monster whose touch burns those who feel fear.",4.7776
253780,Spy Smasher,1942-04-04,"Prior to the United States' involvement in World War II, the masked vigilante Spy Smasher fights Nazi agents operating within the US, led by the treacherous sabotage leader codenamed The Mask.",3.4267
1523140,Man of Tomorrow,2027-07-07,"Superman and Lex Luthor find themselves forced to work together—to a certain degree—against a much, much bigger threat when Brainiac sets his sights on Earth.",4.3571
736074,"Batman: The Long Halloween, Part Two",2021-07-26,"As Gotham City's young vigilante, the Batman, struggles to pursue a brutal serial killer, district attorney Harvey Dent gets caught in a feud involving the criminal family of the Falcones.",4.5136
34769,Defendor,2009-09-12,"A crooked cop, a mob boss and the young girl they abuse are the denizens of a city's criminal underworld. It's a world that ordinary Arthur Poppington doesn't understand and doesn't belong in, but is committed to fighting when he changes into a vigilante super-hero of his own making, Defendor. With no power other than courage Defendor takes to the streets to protect the city's innocents.",4.3259
1327821,Incredibles 3,2028-06-14,"Thanks to entrepreneur Winston Deavor, superheroes are legal again, ushering in a new era for the world’s supers. But while Dash and Violet secretly take to the streets at night to prove their worth, Bob finds himself facing a threat unlike any he’s encountered before—and questioning whether there’s still a place for him in a world that no longer seems to need Mr. Incredible.",3.6335
354556,Guardians,2017-02-14,"During the Cold War, an organization called ""Patriot"" created a superhero squad, which includes members of multiple Soviet republics. For years, the heroes had to hide their identities, but, in hard times, they must show themselves again.",5.4092
14609,Ultimate Avengers: The Movie,2006-02-21,"When a nuclear missile was fired at Washington in 1945, Captain America managed to detonate it in the upper atmosphere. But then he fell miles into the icy depths of the North Atlantic, where he remained lost for over sixty years. But now, with the world facing the very same evil, Captain America must rise again as our last hope for survival.",4.6991
537055,Wonder Woman: Bloodlines,2019-10-04,"Witness the legendary origin of renowned Justice League member Wonder Woman as she fights for good with her sword and magic lasso. Equally strong in body, heart and will, she makes it her mission to help a troubled young girl enlisted by a deadly organization known as Villainy, Inc., whose criminal members have their sights set on invading Themyscira, Wonder Woman’s paradise home. The battle will be epic, because if there's one thing an Amazon knows, it’s war!",4.5931
259910,Marvel Studios: Assembling a Universe,2014-03-18,"A look at the story behind Marvel Studios and the Marvel Cinematic Universe, featuring interviews and behind-the-scenes footage from all of the Marvel films, the Marvel One-Shots and ""Marvel's Agents of S.H.I.E.L.D.""!",2.8729
1094448,Pretty Cure All Stars F,2023-09-15,"Pretty Cure All Stars F is a Japanese magical girl anime film and a part of the Pretty Cure franchise, celebrating its 20th anniversary.",3.3821
41104,Kamen Rider: THE FIRST,2005-12-05,"Takeshi Hongo is a man of extraordinary intellect, but his promising future is about to be maliciously snuffed out by and evil secret society known as Shocker. Reinvented against his will and transformed into a powerful experimental cyborg, Hongo will forever be known as Kamen Rider The First.",3.0908
251519,Son of Batman,2014-05-13,"Batman learns he has a violent, unruly pre-teen son, secretly raised by the terrorist group known as The League of Assassins.",4.4845
985976,Tokumei Sentai Go-Busters Final Live Tour 2013,2013-03-16,"A live show that was performed across Japan in March and April of 2013, acting as a final farewell for the cast. It comprises two parts: a scripted show part, and a talk show with the cast. The Kyoryugers also appear.",2.04
13640,Superman: Doomsday,2007-09-18,"When LexCorp accidentally unleashes a murderous creature, Superman meets his greatest challenge as a champion. Based on the ""The Death of Superman"" storyline that appeared in DC Comics' publications in the 1990s.",3.8408
615678,Thunder Force,2021-04-09,"In a world where supervillains are commonplace, two estranged childhood best friends reunite after one devises a treatment that gives them powers to protect their city.",4.4679
890656,Fistful of Vengeance,2022-02-18,A revenge mission becomes a fight to save the world from an ancient threat when superpowered assassin Kai tracks a killer to Bangkok.,4.465
402339,Kamen Rider × Kamen Rider Ghost & Drive: Super Movie Wars Genesis,2015-12-12,"Shortly after Shinnosuke Tomari (Ryoma Takeuchi), Kamen Rider Drive, eradicates the Earth of the 108 Roidmudes, he is put on a special assignment to investigate paranormal activity elsewhere in the city. He heads to the temple Daitenkū-ji to speak with witnesses Akari Tsukimura (Hikaru Ohsawa) and Onari (Takayuki Yanagi), but as he is interrogating them, a Gamma appears and steals an Eyecon from the temple, prompting Takeru Tenkūji (Shun Nishime), Kamen Rider Ghost, to fight it, even though to Shinnosuke it seems that Kamen Rider Ghost is fighting no one at all as he cannot see the Gamma",3.0108
658562,Pretty Cure Miracle Leap: A Wonderful Day with Everyone,2020-10-31,"The story begins when the protagonist Hikaru meets aliens Lala, Prunce, and Fuwa while watching the night sky. She learns of the “Star Palace,” where the 12 Star Princesses of the constellations kept the balance of the universe until they were attacked. Lala is searching for the legendary Precure warriors to help find the 12 scattered “Princess Star Color Pens” and revive the princesses. When Fuwa is captured by an enemy, Hikaru wishes to save Fuwa, and a Star Color Pendent and a Star Color Pen appear to allow her to transform into Cure Star. From then on she works to collect the pens and raise Fuwa, who is the key to reviving the princesses.",2.1891
19002,Darkman III: Die Darkman Die,1996-04-14,"Darkman, needing money to continue his experiments on synthetic skin, steals a crate of cash from drug lord Peter Rooker...",3.7926
411736,Batman: Return of the Caped Crusaders,2016-10-08,"Adam West and Burt Ward returns to their iconic roles of Batman and Robin. The film sees the superheroes going up against classic villains like The Joker, The Riddler, The Penguin and Catwoman, both in Gotham City… and in space.",4.0986
611641,GARO - Under the Moonbow,2019-10-04,"Lurking among us are the Horrors, ancient enemies of our kind. Holding the line against them, down through the ages, are the Makai Knights. Assuming the aspect of Golden Knight Garo, Raiga Saezima has vanquished one such demonic creature, but his magical armour has been tainted with evil. Furthermore, a Knight of the dark has materialized, and taken hold of Mayuri, so dear to Raiga. If he hopes to rescue her, Raiga must board a mysterious train destined for the netherworld. As he advances through the cars of this train, Raiga comes ever closer to confronting his own hidden truths…",2.5887
813477,Shin Kamen Rider,2023-03-17,"A man forced to bear power and stripped of humanity. A woman skeptical of happiness. Takeshi Hongo, an Augmentation made by SHOCKER, and Ruriko Midorikawa, a rebel of the organization, escape while fighting off assassins. What’s justice? What’s evil? Will this violence end? Despite his power, Hongo tries to remain human. Along with freedom, Ruriko has regained a heart. What paths will they choose?",3.9196
703771,Deathstroke: Knights & Dragons - The Movie,2020-08-04,The assassin Deathstroke tries to save his family from the wrath of H.I.V.E. and the murderous Jackal.,3.6274
84155,Pretty Cure All Stars DX3: Deliver the Future! The Rainbow-Colored Flower That Connects the World,2011-03-19,"Precure All Stars Movie DX3: Deliver The Future! The Rainbow-Colored Flower That Connects The World is the third movie in the series, released on March 19, 2011, starring all the Cures from the previous series, including those introduced in Suite PreCure, as well as various villains featured in previous Pretty Cure movies. The theatrical release was edited in parts as a result of the 2011 Sendai earthquake and tsunami which occurred before the movie was due to be released.",3.4279
31985,Lightspeed,2006-07-22,Government agent Daniel Leight has his radiation treatments sabotaged. He soon finds that he can now move at super speeds but only by risking metabolic damage which could prove to be fatal. 'Lightspeed' must now use his powers to go after old friend turned terrorist who is now a mutant half-snake called Python.,2.8615
1564058,Spidey and Iron Man: Avengers Team Up!,2025-10-16,Spidey and Iron Man team up with the Avengers to stop Ultron and Green Goblin from controlling all of the city's devices.,3.4312
618354,Superman: Man of Tomorrow,2020-08-23,"It’s the dawn of a new age of heroes, and Metropolis has just met its first. But as Daily Planet intern Clark Kent – working alongside reporter Lois Lane – secretly wields his alien powers of flight, super-strength and x-ray vision in the battle for good, there’s even greater trouble on the horizon.",3.5829
31162,Black Lightning,2009-12-28,"A Moscow University student discovers that his otherwise unremarkable car can fly. After his father is attacked, he decides to use the car to fight crime and becomes the city's defender against an evil millionaire.",5.7229
188226,GoGo Sentai Boukenger vs. Super Sentai,2007-03-31,"""Even today there are those who risk their lives to protect the world. Thirty Super Sentai who protect the Earth from dangerous enemies.""  GoGo Sentai Boukenger vs. Super Sentai is a multiple Sentai crossover film that celebrates the 30th Anniversary of the Super Sentai series. The team-up includes the Boukengers and special guests MagiYellow, AbareBlack, HurricaneBlue, DekaBreak, and MagiShine. They are joined by an unknown Ranger named AkaRed.",2.8634
15257,Hulk vs. Wolverine,2009-01-27,"Department H sends in Wolverine to track down a mysterious beast known by the US Military as the Hulk, who is rampaging across the Canadian wilderness. Surveying the extent of the damage to a destroyed town, Wolverine notices a toxic scent as well as the smell of gunpowder. He is then deployed to the wilderness to resume tracking the creature.",4.0113
746333,Superwho?,2022-02-02,"A struggling actor seems doomed to live life as a loser. When he finally snatches a lead role as a superhero named “Badman,” he feels like everything is possible, but fate strikes again.",4.3073
1274214,Papa Zola: The Movie,2025-12-11,Papa Zola and his gifted daughter Pipi embark on everyday adventures that highlight their close bond and her quick wit.,4.6346
436678,Kamen Rider Drive Saga: Kamen Rider Mach / Kamen Rider Heart,2016-11-16,"This twin V-Cinema movies contains the second and third installments after the initial Kamen Rider Drive Saga: Kamen Rider Chaser, they both follow the characters of both Heart and Go Shijima beyond the conclusion of the series. Heart/Mach both take place following the novel, ""Kamen Rider Drive: ~Mach Saga~"", which takes place two years following the conclusion of the Kamen Rider Drive TV series.",3.7709
21683,Batman: Mystery of the Batwoman,2003-10-21,"As if the Penguin wasn't enough to contend with, a new vigilante has surfaced in Gotham City, and her strong-arm tactics give Batman cause for concern. Being the World's Greatest Detective and The Dark Knight, he sets out to uncover her identity while stopping a dangerous criminal plot.",4.0701
727097,Archenemy,2020-11-30,"Max Fist claims he’s a hero from another dimension who has somehow landed on Earth and been stripped of his powers. Instead of treating him like a powerful champion, no one believes Max’s claims — except for a teenager named Hamster and his sister Indigo. The siblings convince Max to help them take out a local drug gang, where Max’s abilities are put to a violent and harrowing test.",3.8952
1092060,Avataro Sentai Donbrothers vs. Zenkaiger,2023-05-03,"Divided into three acts, the first act is about the Zenkaigers dealing with a new Kashiwa Mochi World and Zocks declares himself as ""Kashiwa Mochi King"", the ruler of Zenkaitopia?! In the second act, it's been a year since Taro left and the five companions continue to fight as a team with Jiro as their leader. Taro later regains his memories, only for his companions to ask him to leave the Donbrothers. In the final act, an incident caused the two worlds to connect, thus a full-throttle miracle battle between the two Super Sentai begins!",3.436
225914,Spider-Man,1977-09-14,"When an extortionist threatens to force a multi-suicide unless a huge ransom is paid, only Peter Parker can stop him with his new powers as Spider-Man.",4.0024
16604,Super Rhino,2009-03-21,"This short begins with the star canine and his owner Penny in peril from ""The Man with the Green Eye"", trapped within his fortress protected by overwhelming defenses, tied up and suspended high above a bottomless pit that's surrounded by fire. So Penny's father transforms Rhino into a super hamster to save the day.",3.3534
624479,Superman II: The Richard Donner Cut,2006-11-02,"Superman agrees to sacrifice his powers to start a relationship with Lois Lane, unaware that three Kryptonian criminals he inadvertently released are conquering Earth.",3.5106
368304,LEGO Marvel Super Heroes: Avengers Reassembled!,2015-11-16,The Avengers are forced to “party” with Ultron when he seeks to disassemble the team by taking control of Iron Man’s armor and enact a nefarious scheme to take over the world.,3.9526
1275606,Marvel Studios Assembled: The Making of X-Men '97,2024-05-21,"Spend time with the original cast, along with new voices, as this behind-the-scenes special recalls the birth of ""X-Men: The Animated Series,"" and its revival thirty years later as ""X-Men '97.""",3.2087
785090,The Bee,2019-07-22,"Fed up with the violence and bullying in her city, Sydney dresses up like a bee to fight crime, but to reach her full potential she must first overcome a tragic event from her past.",2.9624
125249,Batman,1943-07-16,"Japanese master spy Daka operates a covert espionage-sabotage organization located in Gotham City's now-deserted Little Tokyo, which turns American scientists into pliable zombies. The great crime-fighters Batman and Robin, with the help of their allies, are in pursuit.",3.7659
24479,"Look, Up in the Sky! The Amazing Story of Superman",2006-06-12,"The history of the comic book superhero, Superman, in his various media incarnations.",3.1947
103269,Superman vs. The Elite,2012-06-12,The Man of Steel finds himself outshone by a new team of ruthless superheroes who hold his idealism in contempt.,3.7403
103510,Ultraman Zero: The Revenge of Belial,2010-12-23,"Ultraman Zero, the rookie Ultraman from Tsuburaya Productions’ 2009 theatrical movie returns, and getting full-fledged. However, he is confronted with the empowered Kaiser Belial, back from the evil Ultraman Belial whom he and other Ultraman warriors battled so hard on the m-78 Planet.  Can Ultraman Zero live to the expectations of his legendary father Ultra Seven? Check it out in the latest Tsuburaya Productions’ action packed movie.",3.2111
496331,Brahmāstra Part One: Shiva,2022-09-08,"The story of Shiva – a young man on the brink of an epic love, with a girl named Isha. But their world is turned upside down when Shiva learns that he has a mysterious connection to the Brahmāstra... and a great power within him that he doesn’t understand just yet - the power of Fire.",4.4191
22059,The Fantastic Four,1994-01-19,"When dosed with cosmic rays, four intrepid astronauts are given incredible powers. They decide to form a superhero group called the Fantastic Four to fight their arch-enemy, Dr. Doom.",4.359
286567,Max Steel,2016-10-14,"The adventures of teenager Max McGrath and alien companion Steel, who must harness and combine their tremendous new powers to evolve into the turbo-charged superhero Max Steel.",4.0855
32740,Krrish,2006-06-23,"In Singapore, Krishna is forced by circumstances to use his superpowers and become a masked superhero named Krrish, before getting drawn towards his lost legacy.",4.1262
169934,Iron Man: Rise of Technovore,2013-04-24,"Iron Man enlists the help of ruthless vigilante the Punisher to track down War Machine's murderer. All the while, he's being pursued by S.H.I.E.L.D. agents Black Widow and Hawkeye, who suspect his involvement in a recent terrorist plot.",3.7099
188198,Kamen Rider x Kamen Rider Fourze & OOO Movie Wars Mega Max,2011-12-10,"Movie War Mega Max featured the first seven Kamen Riders (Kamen Rider 1, 2, V3, Riderman, X, Amazon, and Stronger) to commemorate the franchise's 40th anniversary. Trailers for the film shown during airings of Fourze also showed the return of Kamen Rider Double as well as a new form for Kamen Rider OOO. Unlike previous Movie War films, where they were divided into 3 segments, Movie War Mega Max is divided into 5 parts. Like previous Movie War films the secondary Kamen Rider of Kamen Rider Fourze, Kamen Rider Meteor, made his debut in the film.",2.9859
344260,Kamen Rider × Kamen Rider Drive & Gaim: Movie Wars Full Throttle,2014-12-13,"Gaim:  It begins on the planet Kouta and Mai reside. Suddenly a mysterious enemy appears, then heads for their friends back in Zawame City. What is the enemies’ plan to release the curse of the Over Lords and Helheim? This being has even driven Kouta, who has become an existence like-God. Find out how the series continues after the events of the last episode.  Drive:  A legendary thief, the Special Unit, and Drive are locked in a showdown. How does the Drive Driver (Mr. Belt) fit in to all of this?",3.5322
14011,Justice League: The New Frontier,2008-02-26,"The human race is threatened by a powerful creature, and only the combined power of Superman, Batman, Wonder Woman, Green Lantern, Martian Manhunter and The Flash can stop it. But can they overcome their differences to thwart this enemy using the combined strength of their newly formed Justice League?",4.322
1002780,Kamen Rider Geats × Revice: Movie Battle Royale,2022-12-23,"Geats, Revice, and Ryuki wage a fierce battle royale that transcends beyond the Heisei and Reiwa eras.",3.3424
284274,Iron Man & Captain America: Heroes United,2014-07-29,"Iron Man and Captain America battle to keep the Red Skull and his triggerman, Taskmaster, from unleashing an army of Hydra Brutes on the world!  Sequel to the film ""Iron Man & Hulk: Heroes United"" and feature Iron Man teaming up with Captain America, it comes to accompany the live-action film ""Captain America: The Winter Soldier"".",3.5883
16774,Hellboy Animated: Sword of Storms,2006-10-28,"A folklore professor becomes unwittingly possessed by the ancient Japanese demons of Thunder and Lightning. But when The Bureau of Paranormal Research & Defense dispatches a team of agents to investigate, a cursed samurai sword sends Hellboy to a supernatural dimension of ghosts, monsters, and feudal mayhem. Now while pyrokinetic Liz Sherman and fishboy Abe Sapien battle one very pissed-off dragon, a lost and cranky Hellboy must find his way home.",3.1307
382512,LEGO DC Comics Super Heroes: Justice League - Cosmic Clash,2016-02-16,"Earth, a shiny jewel floating in the blackness of space... and for the robot known as Brainiac, the last piece to capture for his collection of planets. Not if the Justice League has anything to say about it!",3.5431
831405,Injustice,2021-10-09,"When Lois Lane is killed, an unhinged Superman decides to take control of the Earth. Determined to stop him, Batman creates a team of freedom-fighting heroes. But when superheroes go to war, can the world survive?",3.641
434785,Kamen Rider 4,2015-03-28,"Kamen Rider 4 is a web series which was released as an accompanying special to the film Super Hero Taisen GP: Kamen Rider 3. It introduced a new rider, Kamen Rider 4, who is the fourth Kamen Rider cyborg created by Shocker after Kamen Riders 1, 2, and 3.  The plot goes around a time loop created by the Shocker that resets whenever someone dies, but whenever the loop resets Shocker itself somehow grows stronger and stronger. Thus, it is up to the Riders to decide whether to keep on fighting a useless battle... Or end the loops for good by sacrificing one of their own.",2.9444
323027,Justice League: Gods and Monsters,2015-06-18,"In an alternate universe, very different versions of DC's Trinity fight against the government after they are framed for an embassy bombing.",3.459
1053626,Ultraman Decker Finale: Journey to Beyond,2023-02-23,"When GUTS-Select investigate mysterious disappearances, they learn it is work of an evil alien who intends to invade the Earth, called Professor Gibellus. However, just in time, a mysterious woman appears to help GUTS-Select.",3.1603
39829,The Six Million Dollar Man,1973-03-07,"Colonel Steve Austin, astronaut and test pilot, is badly injured when he crashes while testing an experimental aircraft. A covert government agency (OSI) is willing to pay for special prosthetics to replace the eye, arm and both legs he lost in the crash. Highly advanced technology (bionics) built into them will make him faster, stronger and more resilient than normal. In return they want him to become a covert agent for the OSI. It will cost $6,000,000 to rebuild Steve Austin.",2.4452
390947,Go! Anpanman: Baikinman's Counterattack,1990-07-14,Anpanman and Baikinman fight. Can Anpanman and friends regain the magic pot from Baikinman and rescue Princess Yada's land...?,2.0339
11244,The Meteor Man,1993-08-06,"One night Jefferson Reed gets hit in the chest by a souped-up chunk of meteor. So he can fly, but he's scared of heights. He can master the information in any book ... for about thirty seconds. Now his friends and family want him to protect their community from the dreaded Golden Lords.",3.5459
13932,Jack-Jack Attack,2005-03-15,"The Parrs' baby Jack-Jack is thought to be normal, not having any super-powers like his parents or siblings. But when an outsider is hired to watch him, Jack-Jack shows his true potential.",3.5311
576743,Marvel Rising: Chasing Ghosts,2019-01-16,"Hot on the trails of Sheath and Exile, Ghost-Spider teams up with the rest of the Secret Warriors to bring down the villains for good.",3.5192
15403,Ben 10: Secret of the Omnitrix,2007-08-10,"After a battle with Dr. Animo in a power plant, Ben notices something strange is happening with the Omnitrix but doesn't tell anyone. Tetrax arrives and tells them the Omnitrix is broadcasting a self-destruct signal. Tetrax and Ben go to find the creator of the Omnitrix to fix it before it destroys itself and the universe along with it. Gwen stows away to help her cousin.",3.4906
1076032,Marvel Studios Assembled: The Making of Black Panther: Wakanda Forever,2023-02-07,"Follow the production of “Black Panther: Wakanda Forever” as the cast and crew take on the incredible challenge of remembering T’Challa with a chapter befitting the late king. Through intimate behind-the-scenes footage and interviews, watch Shuri take on the mantel of Wakanda’s hero and face a new foe from the ocean’s depths in Namor.",3.4897
1266540,Wonderful PreCure! The Movie: A Grand Adventure in a Thrilling♡Game World!,2024-09-13,"Komugi, Iroha, Yuki, Mayu, Daifuku, and Satoru have gathered to play the super popular game ""Doki Doki♡TanuKingdom""!  Everyone starts the game happily! Or so they thought...  But it seems they've been sucked into a world of the game with a suspicious tanuki...  And now they're in even more trouble! Komugi has been separated from Iroha and the others...!?  ""I want to be by Iroha's side forever and ever!""  To meet her beloved Iroha, Komugi decides to challenge herself to various game battles!  How on earth did this happen...? What is the secret hidden in the world of the game...?  The clue is in the hands of Natsuki, the young girl who created the game.  ""Soaring Sky! Precure"" and ""Witchy Precure!"" have also gathered together! When everyone's feelings come together, will a wonderful miracle unfold?!",3.4874
18998,Darkman II: The Return of Durant,1995-07-11,"Darkman and Durant return and they hate each other as much as ever. This time, Durant has plans to take over the city's drug trade using high-tech weaponry. Darkman must step in and try to stop Durant once and for all.",3.4696
310135,Turbo Kid,2015-08-14,"In a post-apocalyptic wasteland, an orphaned teen must battle a ruthless warlord to save the girl of his dreams.",3.4498
20077,The Batman vs. Dracula,2005-10-18,"Gotham City is terrorized not only by recent escapees Joker and Penguin, but by the original creature of the night, Dracula! Can Batman stop the ruthless vampire before he turns everyone in the city, including The Caped Crusader, Joker and Penguin, into his mindless minions?",3.4461
68810,Dragon Ball: The Magic Begins,1991-11-30,"An unauthorized live-action adaptation of the Dragon Ball manga, it follows a band of misfit adventurers trying to stop King Horn and his goal to collect all seven Dragon Balls, and his wish of ultimate power.",3.4436
76170,The Wolverine,2013-07-21,"Wolverine faces his ultimate nemesis - and tests of his physical, emotional, and mortal limits - in a life-changing voyage to modern-day Japan.",3.4275
120437,Yes! Precure 5 Go Go! Movie: Happy Birthday in the Land of Sweets,2008-11-08,"It's Nozomi's birthday, but it is disturbed by Bunbee chasing after a girl from another world, Chocola. When Pretty Cure rescue her, she thanks them by taking them to her country, Dessert Kingdom. In this cockaigne with rivers of juice and candy growing on trees, they feel very comfortable. But then they meet the evil Mushiban and his two subordinates Dry and Bitter. They want to take over the kingdom and change Pretty Cure into sweets. In order to save not only Nozomi's Birthday but also the whole Dessert Kingdom, Pretty Cure have to fight their way against Dry and Bitter and also against their own friend: Coco, who is being brainwashed by Mushiban.",3.4245
15026,The Guyver,1991-03-18,"FBI agent Max Reed witnesses Dr. Tetsu Segawa - a researcher for the mysterious Chronos Corporation - being murdered. Dr. Segawa had stolen an alien device known as ""The Guyver"" from Chronos. College student Sean Barker, whose girlfriend's father was Dr. Segawa, finds the Guyver's hiding spot while watching the forensic team investigating the crime scene.",3.3874
101907,Hulk vs. Thor,2009-01-27,"For ages, Odin has protected his kingdom of Asgard. But every winter, the All-Father must rest and regain his strength for one week. During this time, all of Asgard's foes (including trolls, giants, dark elves, and demons) try to claim the realm for their own, but they are always stopped by Odin's son, the mighty Thor, albeit with the loss of many brave Asgardian warriors. Loki, god of mischief, has kidnapped Dr. Bruce Banner and brought him to Asgard with the help of Amora, once Thor's lover, now the supervillain known as the Enchantress. Loki makes Banner angry and he changes into the Hulk. The Enchantress then casts a spell over the Hulk which separates Banner from his monstrous alter-ego and grants Loki control over the Hulk's body.",3.3856
230896,Iron Man & Hulk: Heroes United,2013-12-03,"The Invincible Iron Man and the Incredible Hulk must join forces to save the Earth from its greatest threat yet! When two Hydra scientists try to supercharge a Stark Arc Reactor with Hulk's Gamma Energy, they unleash a being of pure electricity called Zzzax - and he's hungry for destruction. Together, Iron Man and Hulk are the only force that stands in the way of the Zzzax's planetary blackout. But first, the super heroic duo will have to get through snarling Wendigos, deadly robots and the scaly powerhouse, Abomination.  Can two of Marvel's mightiest heroes find a way to work together without smashing each other before time runs out?",3.3764
300424,LEGO DC Comics Super Heroes: Batman Be-Leaguered,2014-10-27,"When Batman, claiming to be a loner, refuses to join the Justice League, he is drawn into working with them when they are kidnapped one-by-one and held prisoner by one of Batman's nemeses.",3.3738
1036561,Shadow Master,2022-11-03,"After being slain by a group of criminals, a man is reborn with animal-like superpowers and makes it his mission to right the wrongs of his city.",3.3372
347158,Bikini Avengers,2015-02-24,"When the Jade Empress steals the world's largest diamonds, super heroes Bikini Avenger and Thong Girl must stop her before she uses the gems to build a dangerous sci-fi weapon.",3.3312
13204,Hellboy Animated: Blood and Iron,2007-03-10,"When Hellboy, Liz Sherman, and Abe Sapien are assigned to investigate the ghost-infested mansion of a publicity-hound billionaire, they uncover a plot to resurrect a beautiful yet monstrous vampire from Professor Bruttenholm’s past. But before they can stop her bloodbath, Hellboy will have to battle harpies, hellhounds, a giant werewolf, and even the ferocious goddess Hecate herself.",3.324
16456,The Crow: Wicked Prayer,2005-05-04,"After ex-con Jimmy and his girlfriend are brutally murdered by a biker gang, he is resurrected by the power of The Crow to avenge their deaths and reunite with her in the afterlife.",3.3235
251768,JLA Adventures: Trapped in Time,2014-01-21,"Get ready for a battle of the ages when the Justice League faces off against its archenemies, the Legion of Doom, in an all-new movie from DC Comics. A mysterious being known as the Time Trapper arises, and a sinister plan led by Lex Luthor sends the Legion of Doom back in time to eliminate Superman, Wonder Woman and Batman before they become super heroes. For Aquaman, Flash and Cyborg, along with teen super heroes Karate Kid and Dawnstar, the stakes have never been higher, the rescue mission never deadlier. So join the fight for the future as the Justice League confronts its ultimate challenge… the threat of having never existed!",3.2249
70358,Gamera Super Monster,1980-03-20,"As a massive alien craft heads to Earth to do evil, three good and powerful superwomen befriend a young boy who has a special connection to Gamera.  The alien Zanon launches a battery of familiar foes against Gamera, who might have to give the ultimate sacrifice to defeat the alien invader.",2.1286
862491,Catwoman: Hunted,2022-02-07,"Catwoman's attempt to steal a priceless jewel puts her squarely in the crosshairs of both a powerful consortium of villains and the ever-resourceful Interpol, not to mention Batwoman.",3.008
13995,Captain America,1990-12-14,"During World War II, a brave, patriotic American Soldier undergoes experiments to become a new supersoldier, ""Captain America"". Racing to Germany to sabotage the rockets of Nazi baddie ""Red Skull"", Captain America winds up frozen until the 1990s. He reawakens to find that the Red Skull has changed identities and is now planning to kidnap the President of the United States.",3.2789
411802,Batman Unlimited: Mechs vs. Mutants,2016-07-24,"Mr. Freeze turns Killer Croc and Bane into super-sized monsters, and they bash their way through downtown Gotham until the Caped Crusader and his team of heroes join the fight in their giant robot mechs.",2.7571
26883,The Trial of the Incredible Hulk,1989-05-07,"Falsely accused of assault, Dr. David Banner is arrested and placed on trial, facing the possibility of a long prison sentence. Blind attorney Matt Murdock takes on his defence, while secretly operating as the vigilante Daredevil. As the courtroom battle unfolds, Banner’s struggle to control the Hulk leads to a dangerous confrontation with criminal mastermind Wilson Fisk.",3.2414
624091,Sri Asih,2022-11-17,"Alana discover the truth about her origin: she’s not an ordinary human being. She may be the gift for humanity and become its protector as Sri Asih. Or a destruction, if she can’t control her anger.",3.9573
15359,Wonder Woman,2009-03-03,"On the mystical island of Themyscira, a proud and fierce warrior race of Amazons have raised a daughter of untold beauty, grace and strength: Princess Diana. When an Army fighter pilot, Steve Trevor, crash-lands on the island, the rebellious and headstrong Diana defies Amazonian law by accompanying Trevor back to civilization.",3.1468
944318,Kikai Sentai Zenkaiger vs. Kiramager vs. Senpaiger,2022-04-29,"Kikai Sentai Zenkaiger vs. Kiramager vs. Senpaiger is a Japanese superhero crossover film between Kikai Sentai Zenkaiger Mashin Sentai Kiramager, and serves as the 28th installment of the Super Sentai's VS series of films.",3.086
108515,Kamen Rider × Kamen Rider W & Decade: Movie War 2010,2009-12-12,"Serving as the true ending to Kamen Rider Decade and revealing the origins of Kamen Rider W, this movie is split into three parts. In ""Kamen Rider Decade: Final Chapter"", Tsukasa Kadoya fully embraces his title as the Destroyer of Worlds. In ""Kamen Rider W: Begins Night"", Shotaro and Philip recount the night on when it all began. Elements of both parts converge in the movie's final part, ""Movie War 2010"" as our heroes fight the forces of Super Shocker.",3.1049
59467,HeartCatch PreCure! the Movie: Fashion Show in the City of Flowers!?,2010-10-30,"Sakura Kurumi, Erika's mother, is preparing for a fashion show in Paris. The girls of the school's fashion club are going to model there, including some high school students. While in Paris, they meet a mysterious boy named Oliver. However, Baron Salamander of the Desert Apostles appears, and the girls transform into Pretty Cures to defend Paris.",2.7762
413164,Pretty Cure All Stars: Everybody Sing♪ Miraculous Magic!,2016-03-19,"Mirai and Liko come to the human world to play, but are separated when the witch Sorcierre and her servant Trauuma suddenly appear. Their aim is to acquire the tears of the 44 Pretty Cures, using them for her Most Evil Magic. Only the friendship of all 44 Pretty Cures will allow them to protect the world.",4.2647
1015595,Marvel Studios Assembled: The Making of Thor: Love and Thunder,2022-09-08,"Settle in with the likes of Taika Waititi, Chris Hemsworth, Natalie Portman, Christian Bale, and Tessa Thompson, and as they divulge the secrets behind the creation of Thor: Love and Thunder. Through in-depth interviews with cast and crew, along with raw, unseen footage from the set and beyond, this documentary special pulls back the curtain on the God of Thunder’s fourth feature film.",3.8573
71129,The Mechanical Monsters,1941-11-28,Superman battles a criminal mastermind and his robot army.,2.6169
457915,Superlopez,2018-11-23,Juan López must balance an office job with heroic feats to save the love of his life and native planet Chitón.,2.7243
35026,Lucky Luke,2009-10-21,"Fearless gunslinger, Lucky Luke, is ordered by the President to bring peace to Daisy Town.",2.8728
1659696,Eiga Kamen Raidā Zettsu Sayonara no Misshon,2026-07-24,"Baku Yorozu/Kamen Rider ZEZTZ is accused of terrorism by the National Public Safety Commission. Convinced of his innocence, Kensei Odaka/Kamen Rider NOX pursues the true culprit, and finally tracks down the mastermind behind it all, National Public Safety Commission Chairman, Shuma Kumon/Kamen Rider Mugen.",3.3685
8854,Steel,1997-08-15,"When a renegade military reject puts new superweapons in dangerous hands, John Henry Irons becomes Steel. Wearing body armor, wielding a fearsome electrohammer and riding a gadget-packed motorcycle, he's ready to wage war... if he can fix the untimely glitches in his untested gear.",3.3484
41517,Ra.One,2011-10-24,"When the titular antagonist of an action game takes on physical form, it's up to the game's less powerful protagonist to save the world.",3.5382
1067595,Ultraman Regulos: First Mission,2022-12-27,"After the events of Ultra Galaxy Fight: The Destined Crossroad, Ultraman Regulos, together with a team of other Ultras, search for Ultraman Ribut and Sora through the galaxy.",2.1183
11795,Guyver: Dark Hero,1994-04-20,"Sean Barker became the unwilling host to an alien bio-armor known as the Guyver. A year ago he destroyed the Kronos Corporation, an organization of mutants who want the Guyver. Now he is trying to find why the Guyver unit forces him to fight and kill evil.",3.14
1059572,New Dimension! Crayon Shin-chan the Movie: Battle of Supernatural Powers ~Flying Sushi~,2023-08-04,"40-years ago, there was a prophecy claiming that in the year of “20” and “23”, two emitting lights would come to the Earth from outer space. And the dark light with strong power will bring out a huge disaster. In the summer of 2023, as predicted, two mysterious lights approach Japan and descend on Kasukabe. The white light hits Shin-chan, which makes him get a superpower. Meanwhile, a man called Mitsuru Hiriya, has been bathed in dark light and has acquired psychic powers begins to run amok. A man who wants the destruction of the world, Hiriya VS A happy-go-lucky kindergarten child, Shinnosuke. A superpower battle is going to begin!",3.1865
284019,Phineas and Ferb: Mission Marvel,2013-08-16,Phineas and Ferb team up with the Avengers to save the world from Dr. Doofenshmirtz and a group of dangerous supervillains.,3.5158
1084117,Combat Wombat: Back 2 Back,2024-02-29,"When the promise of living in a perfect digital world traps the citizens of Sanctuary City online, Combat Wombat and Sweetie must return to save the day and kick some wom-butt!",3.9041
65294,The Incredible Hulk,1977-11-04,"An accidental overdose of gamma radiation causes a mutation in scientist David Banner's DNA: now whenever he becomes angry, he metamorphoses into a seven-foot-tall, 330-pound, mindless muscular green creature.",2.9097
397852,Rendel,2017-09-22,"Rendel, a masked superhero, becomes blinded by his desire for revenge against a sinister criminal organization.",2.8962
618355,Superman: Red Son,2020-02-24,"Set in the thick of the Cold War, Red Son introduces us to a Superman who landed in the USSR during the 1950s and grows up to become a Soviet symbol that fights for the preservation of Stalin’s brand of communism.",3.4762
96826,Ben 10: Destroy All Aliens,2012-03-11,"Based on the original animated series Ben 10.  Ben becomes targeted by an evil Mechamorph Warrior, named ""Retaliator,"" who mistakenly blames Ben for something he did not do and attempts to destroy all aliens.",3.0862
160939,Gokaiger Goseiger Super Sentai 199 Hero Great Battle,2011-06-11,"The Space Empire Zangyack forms an alliance with the Black Cross King, the resurrected form of the Gorengers' enemy the Black Cross Führer, in order to invade Earth with other revived Super Sentai enemies. The Gokaigers, along with the Goseigers, who have lost their powers from the Legend War, must team up in order to fight against the new enemy.",2.4462
526897,Kaitou Sentai Lupinranger VS Keisatsu Sentai Patranger en film,2018-08-04,"Phantom Thief Change! Police Change! This summer, the VS Sentai that defies all that you know, will be appearing at the cinemas!",1.8899
178592,TIGER & BUNNY: The Beginning,2012-09-22,"Set on an alternative Earth, Superheroes are celebrities and a high rating TV show rates their achievements, awarding them points until an annual King of Heroes is crowned. Old-school hero Wild Tiger is assigned a new partner with very different views on the heroes role in society but soon a vigilante criminal presents them with a serious problem.",2.4552
64202,Batman Beyond: The Movie,1999-01-10,"Fuelled by remorse and vengeance, a high schooler named Terry McGinnis becomes the new Batman as he fights crime in the futuristic Neo-Gotham City.",2.584
204634,Kamen Rider × Kamen Rider Wizard & Fourze: Movie Wars Ultimatum,2012-12-08,"The first part is the Kamen Rider Fourze’s place five years after the events of the series. Gentaro is now a teacher at Amanogawa High as well as the Space Kamen Rider Club’s new academic advisor. However, a new school club called the Monster League, comprised by a group of psychic children led by Saburo Kazeta, which is supported by a mysterious man named Kageto Banba. The second part is Kamen Rider Wizard’s portion, where Haruto enters the Underworld of an unknown Gate to investigate the mysterious occurrings of monster appearances. He then runs into a young woman named Yu Kamimura who can become Belle Mask Poitrine and can use magic like him. The third and final part of the film is Movie War Ultimatum. The three Akumaizer from the Underworld to plan to invade the land of the living. Kamen Riders Wizard and Fourze must fight to stop the Akumaizer and their Monster Army.",2.6806
1059983,Kamen Rider Revice: Say Hello to the Secondary Rider!,2022-09-30,"When a Karizaki from a parallel Earth arrives and asks for the Riders' help, Daiji, Kagerou, Hiromi and Vice argue which of them is Ikki's secondary rider.",1.5247
464882,Batman vs. Two-Face,2017-11-14,"Former Gotham City District Attorney Harvey Dent, one side of his face scarred by acid, goes on a crime spree based on the number '2'. All of his actions are decided by the flip of a defaced, two-headed silver dollar.",2.9338
49516,Black Mask 2: City of Masks,2002-12-24,The Black Mask must stop a group intent on setting off a DNA bomb that could cause mutations to the human race.,2.9585
558144,Deadpool: No Good Deed,2017-03-03,"Deadpool sees an opportunity to save the day, but it doesn't go entirely as planned.",2.8088
321528,Batman vs. Robin,2015-04-03,"Damian Wayne is having a hard time coping with his father's ""no killing"" rule. Meanwhile, Gotham is going through hell with threats such as the insane Dollmaker, and the secretive Court of Owls.",3.0687
43636,The Heroic Trio,1993-02-12,"While one tough woman with an invisible robe has stolen 18 babies for her powerful master, two other tough women and the cops try to stop her.",3.2861
997776,"Justice League x RWBY: Super Heroes & Huntsmen, Part One",2023-04-25,"Superman, Batman, Wonder Woman, Flash, Cyborg, Green Lantern and Vixen are transported to the strange world of Remnant and find themselves turned into teenagers. Meanwhile, Remnant heroes Ruby, Weiss, Blake and Yang must combine forces with the Justice League to uncover why their planet has been mysteriously altered before a superpowered Grimm destroys everything.",2.8154
478153,SideKicked,2016-01-14,A sidekick who tries to do good by the city he swore to protect despite the villains and new superhero that stand in his way.,2.5479
779090,Kamen Rider Den-O: Final Stage,2007-12-06,"DVD release of the final talk show from sci-fi live action series Kamen Rider Den-O includes footage from the January 26 and 27, 2008 shows at Nakano Sun Plaza.",1.5999
915403,Gridman Universe,2023-03-24,"Yuta Hibiki finds himself drawing Gridman, who he seems to have missing memories of. Now in his second year at Tsutsujidai High School, Yuta decides it's time to confess his feelings for Rikka. But their peaceful days would come to a end as Gridman suddenly returns with a warning: ""The balance of this world is collapsing.""",2.5669
980017,Marvel Studios Assembled: The Making of Doctor Strange in the Multiverse of Madness,2022-07-07,"Join visionary director Sam Raimi and the cast of the film as they recount their experiences bringing Marvel’s darkest story to life.  From world-building to universe-building, hear first hand accounts from the cast and crew on what it took to design, create and make each universe unique and believable.",2.4571
259300,009-1: The End of the Beginning,2013-09-07,"In a universe where the Cold War never ended and growing conflicts result in the rapid advancement of technological warfare, the cyborg spy Mylene Hoffman of the 00 Organization battles the agents of the Eastern block in a game of high tech espionage.",2.2305
1418817,Kamen Rider Gavv: Invaders of the Candy House,2025-07-25,"After being pulled through a door, Shoma finds himself in a peaceful world where Dark Treats do not exist?! In this world, Hapipare still exist, but a young man named Taorin who has Gavv works there. Taorin has no memory of his past, and Shoma decides to help him recover his memories.  Meanwhile, a man named Caries begins indiscriminately attacking the town, and the peaceful world is transformed! The two struggle to restore peace and arrive at a huge Candy House. The two are on the verge of grasping something, but Caries transforms with an unknown Gochizo and corners Shoma and the others! What is the soruce of the overwhelming power that this most terrifying enemy has obtained?! What are Taorin's lost memories?!",2.4379
51948,Mega Monster Battle: Ultra Galaxy Legends The Movie,2009-12-12,"Ultraman and his comrades from M-78 (including a new Ultraman, Zero, the son of Ultra Seven) join forces with other allies to fight a massive army of giant monsters led by the evil Ultraman Belial.",3.3455
1122715,Kamen Rider 555 20th: Paradise Regained,2024-02-02,"Smart Brain, once Japan's largest company, lost its power due to repeated internal conflicts and was placed under government control with the goal of exterminating Orphnochs. Mari Sonoda, who is living with Orphnochs at the Western Laundry Store Kikuchi, when Takumi Inui, who had disappeared several years earlier, reappeared.",2.7292
756982,Kamen Rider Zero-One: Real Time,2020-12-18,"A mysterious man called Es/Kamen Rider Eden has emerged, committing simultaneous acts of terror across the world, with thousands of believers following his faith. While the people fall one by one and the world delves into chaos, Aruto Hiden stands up to stop him. Isamu Fuwa, Yaiba Yuia, Gai Amatsu, plus Jin and Horobi of MetsubouJinrai.net also transform into Kamen Riders and fight against the enemy while struggling to seek the truth.",2.5328
1356119,"Christopher Reeve, Superman Forever",2024-09-28,"A French documentary on Superman actor Christopher Reeve as told by his French voice dubbing actor, Pierre Arditi.",2.4243
150421,Futari wa Precure Max Heart: The Movie,2005-04-16,"The Courageous Warriors of the Garden of Hope have summoned Nagisa, Honoka, and Hikari to protect their kingdom from a witch who plans to steal the Diamond Line, which is a set of jewelry the queen of the Garden of Hope wears to a ceremony every year to replenish the water of the kingdom. The witch plans to resurrect the Dark Lord and if she does so, not only will the Garden of Hope be destroyed, but other kingdoms in the galaxies, including the Garden of Rainbows and the Garden of Light.  Source: ANN",2.1112
632880,Virgo and the Sparklings,2023-03-02,"Riani, a teenager who is forced to reveal her hidden powers when several mysterious cases occur and turn the city into chaos.",1.9097
491633,Marvel Rising: Secret Warriors,2018-09-30,"When a threat no one could have expected bears down on the Marvel Universe, this ragtag, untrained band of teens have no choice but to rise together and prove to the world that sometimes the difference between a 'hero' and 'misfit' is just in the name.",2.5124
151535,Scooby-Doo! Mask of the Blue Falcon,2012-12-15,"The Mega Mondo Pop Cartoon-a-Con in sunny California marks the spot for mystery in this all-new original Scooby-Doo adventure! The Mystery Inc. pals -- Fred, Daphne, Velma, Shaggy and Scooby -- head to the annual convention, but they're not there to crack their next case. They want to meet their favorite comic book characters and see a megabucks movie premiere, an explosive big-screen remake of the classic cartoon The Adventures of Blue Falcon, featuring Shaggy and Scooby's favorite superheroes: caped avenger Blue Falcon and his trusty but bumbling robo-pup, Dynomutt.",2.4122
58311,Heroic Trio 2: Executioners,1993-09-30,"In a post-nuclear world, three superpowered women fight an evil genius controlling the government and the water supply.",3.6265
422153,Hulk: Where Monsters Dwell,2016-10-21,"This All Hallows’ Eve, Nightmare is bent on conquering our waking world by crossing through the Dream Dimension, and converting each dreamer into a monster. Can Dr. Strange, Hulk and the Howling Commandos hold the line and put an end to his nefarious scheme?",2.5115
230719,Starz Inside: Comic Books Unbound,2008-06-10,"From superheroes to superstars, Hollywood has always turned to comic books for imagination and inspiration. In this Starz Inside documentary, discover the history of comics from page to screen through the evolution and revolutions that have changed entertainment forever. It's a hero's journey of hits, misses and unstoppable powers, featuring the Spider-Man, X-Men, and Batman films (including The Dark Knight), Iron Man, Superman Returns, Hellboy II, Sin City, Incredible Hulk, American Splendor, Wanted, and beyond, plus revealing interviews with Guillermo del Toro, Stan Lee, Zak Penn, Ron Perlman, Selma Blair, Neal Adams, Roger Corman, Avi Arad, Mike Mignola, Paul Pope, Richard Donner, Jim Steranko, and many more.",1.9324
1724858,Beyond/Hope,,"When lowlife thugs threaten an innocent couple, a fallen hero must overcome past trauma to restore hope in a lawless city.",3.339
1100998,SuperKlaus,2024-11-01,"Santa Claus's wish comes true when he accidentally bumps his head and starts believing he's SuperKlaus. With the help of Billie and Leo his elf-xecutive assistant, SuperKlaus will take on a toy-obsessed businessman to save Christmas.",2.9244
330957,Los Enormes,1992-08-19,"The Huge are dwarf superheroes who inhabit Huge City, within another dimension. The problem arises when Max (who once was also a Huge) uses the technology of his former companions to enter the world of humans and, under the nickname of The Lord of Evil, become the leader of a criminal gang that kidnaps the Hour Officer to ask for 10,000 kilos of gold as a ransom.",2.7097
1081412,LEGO DC Super Hero Girls: Galactic Wonder,2017-04-27,"Wonder Woman is Student of the Month at the School of Superheroes again. For a special surprise, Principal Waller brought Wonder Woman's mother, Queen Hippolyta, for a visit.",2.7932
515789,StarDog and TurboCat,2019-12-06,"When vigilante cat, Felix, and loyal canine, Buddy, set out to find Buddy’s lost owner, they discover not only the power of friendship, but their inner superpowers along the way.",2.7729
1431475,Bakuage Sentai Boonboomger VS King-Ohger,2025-05-01,"Nicola, who has ascended to the throne as the queen of Planet Trickle, has decided to form an alliance with Planet Chikyu. Bakuage Sentai Boonboomger has been invited to act as witnesses. However, a remnant of the Hashiriyan named Manhole Grumer appears and steals the jewel that's been passed down in the Trickle royal family from Nicola! Furthermore, Minongan, one of Dagded's five jesters appears and steals the Ohgercalibur ZERO, which was prepared for the alliance ceremony! The Ohsama Sentai King-Ohger rushes to the scene and fights alongside the Boonboomger, but the warriors are separated by Manhole Grumer's mysterious power. Taiya and the others were scattered across the stars, each take action to escape from this dire situation. Soon, a dangerous heartbeat begins to resonate from deep underground. As a powerful evil awakens, will the two great Super Sentai be able to come together again fight together?! The battle for the three planets begins now!!",2.7645
29015,The Specials,2000-09-22,"America's seventh best superhero team, the Specials, are a group of geeks and oddballs. Lifelong fan Nightbird joins the group just in time for the group to get a new line of action figures. But the members' extreme personalities and personal issues threaten to rip the group apart.",2.7632
574546,Kamen Rider Build NEW WORLD: Kamen Rider Cross-Z,2019-01-25,"When Evolto's brother, Killbus, appears in the New World to reclaim the Pandora Box and destroy the universe, Ryuga and Evolto form an alliance.",2.7628
543103,Kamen Rider Heisei Generations Forever,2018-12-22,"A young Kamen Rider fan is granted his wish of seeing Riders in person, initiating the ultimate Japanese superhero crossover meta film. The third and final installment of the Heisei Generations series finds Kamen Rider Zi-O and Kamen Rider Build joining forces with all of the other Heisei Generation Riders to reverse the damages of an evil Time Jacker named Tid, and save their legacy. Are Kamen Riders real? Will you believe?",2.7485
171776,Sparks,2013-03-01,A masked vigilante who discovers the dark side to heroism. Going after the nation's most notorious super criminal leaves Sparks' life and reputation in ruins.,2.727
19766,Inspector Gadget 2,2003-03-11,"After capturing Claw, all the criminals have gone into hiding. Until Claw escapes! Gadget thinks he will get the case, but everyone else has other plans. A new version of the Gadget project is unveiled in the form of G2. Strict orders are given for Gadget to stay away from G2 and every crime scene, but Gadget feels he is needed more than anyone.",2.7189
1730618,Spider-Woman,1982-10-30,"Don't miss the marvelous Spider-Woman in this feature-length animated adventure! When Jessica Drew was dying, her father injected her with a highly evolved serum of spider blood. The irradiated blood not only cured her but changed her into the fearsome dark angel of the night!",2.7182
93560,Batman and Robin,1949-05-26,"This 15-chapter serial pits Batman and Robin against The Wizard, who uses a device that allows him to control machinery to hold the city hostage.",2.7126
91551,Death of a Superhero,2011-05-04,A dying 15-year-old boy draws stories of an invincible superhero as he struggles with his mortality.,2.7097
200395,Ninpuu Sentai Hurricaneger Shushuuto: The Movie,2002-08-17,"The second film outing of the Hurricaneger team. Hurricaneger the theatrical movie introduces new, original hardware and characters, including ""Tenrai Senpuujin,"" the Gattai Robot. Sayaka Yoshino guest stars!",2.7065
471434,Ultra,2006-09-01,"Superhero Pearl Penalosa juggles the impossible combination of keeping up a social life, searching for love, and battling the forces of evil.",2.6905
571573,Pretty Cure Miracle Universe,2019-03-16,Hoshina Hikaru and three other Star Twinkle Precures gaze at the sky and end up warping into the Miracle Planet.,2.6479
55812,Comic Book Superheroes Unmasked,2003-07-01,"Industry insiders like Stan Lee and Neil Gaiman (The Sandman) reflect on the way their colorful creations reflect society at large. They have spread from the pulpy pages of nickel comics to Saturday morning cartoons, the big screen and beyond. They have evolved from simple, All-American heroes to tortured, complicated characters reflecting the dreams, desires and fears of modern society. From Superman to The Sandman, Comic Book Superheroes Unmasked is a fascinating, feature-length look at the evolution of an art form that has proved remarkably adaptable and enduring. Filled with classic images from DC and Marvel Comics as well as extensive interviews with modern masters of the graphic novel like Neil Gaiman and Frank Miller (The Dark Knight Returns), this documentary, originally aired on the History Channel, goes far beyond the superficial escapist fantasies to probe the forces that shaped the characters who have become legend...",2.6441
758025,Peter's To-Do List,2019-09-17,"On the eve of his departure to Europe, Peter Parker tells Ned Leeds that he has several things to do before they leave.",2.6388
414190,iBoy,2017-01-27,"After an accident, Tom wakes from a coma to discover that fragments of his smart phone have been embedded in his head, and worse, that returning to normal teenage life is impossible because he has developed a strange set of super powers.",2.6252
658777,Freaks - You're One of Us,2020-09-02,"After having a chance encounter with a mysterious character, Wendy, a young working class mother, discovers that she has super powers.",2.6208
355595,Super Hero Wars GP: Kamen Rider #3,2015-03-21,"The evil organization Shocker alters history by sending their newest creation, Kamen Rider 3, to defeat Kamen Riders 1 and 2 back in 1973. In the alternate present, Shocker is more powerful than ever, and most of the Kamen Riders are now either imprisoned or brainwashed to work for them. One such brainwashed Rider is Shinnosuke Tomari who thanks to his partner Kiriko Shijima, remembers the truth and joins forces with the remaining Kamen Riders who are still at large to make a stand against Shocker and put history back on its proper course.",2.6138
1196495,Kamen Rider THE WINTER MOVIE: Gotchard & Geats Strongest Chemy★Great Gotcha Operation,2023-12-22,"Ace, Houtaro, and their allies participate in a new edition of the Desire Grand Prix kickstarted by the rogue Chemy X Wizard, who has involved the Jyamato in its diabolical plans. This is the 14th entry of the Kamen Rider winter crossover movies with this entry feature the cast of Kamen Rider Gotchard and Kamen Rider Geats.",2.5985
641501,How I Became a Superhero,2020-11-19,"Paris 2020. While superheroes have assimilated into the Parisian society, they discover a new drug that gives themselves personal superpowers to mere mortals. Lieutenants Moreau and Schaltzmann are investigating the case with the support of two ex-superheroes, Monte Carlo and Callista. They'll do whatever it takes to dismantle the traffic. But Moreau's past resurfaces, and the investigation becomes more complicated.",2.4952
106355,Captain America,1944-02-05,"Superhero Captain America battles the evil forces of the archvillain called The Scarab, who poisons his enemies and steals a secret device capable of destroying buildings by sound vibrations.",3.6989
20455,Digimon: The Movie,2000-10-06,"When a powerful new Internet Digimon hatches and begins to consume data at an alarming rate, the Digidestined - kids chosen to save the digital world - must put an end to the destruction before the damage becomes irreversible and worldwide communication halts forever. As computer-based missiles are launched, and a wayward Digimon kidnaps the Digidestined, only the combined efforts of a worldwide network of kids and a new group of ""Digidestined"" can rescue the others and stop global disaster.",3.1754
408579,Ultraman X The Movie: Here He Comes! Our Ultraman,2016-03-12,"When realty TV host Carlos Kurozaki breaks into a mysterious underground pyramid for a television event, he removes a special gem. . . and unwittingly releases a diabolical monster called Zaigorg! The evil creature wants Kurozaki's gem, so it spawns an army of giant kaijus to get it! It's up to the famous superheroes Ultraman X, Ultraman Tiga, and the one and only original Ultraman to stop the worldwide monster war!",2.7092
1019906,The Shadow over Prague,2016-06-20,The Nazis decided to awaken the dark forces of the Old Prague legends in order to use (and abuse) them to destroy the world. The only one who can stop them is Perak.,3.44
401650,DC Super Hero Girls: Hero of the Year,2016-08-09,"Wonder Woman, Supergirl, Batgirl, Harley Quinn, Bumblebee, Poison Ivy and Katana band together to navigate the twists and turns of high school in DC Super Hero Girls: Hero of the Year.",2.5553
1310672,Fuuto PI: The Portrait of Kamen Rider Skull,2024-11-08,"Shotaro tells Tokime all about his mentor, Shokichi Narumi, and the night he and Philip became Kamen Rider W.",2.307
552172,Balloon,2019-02-28,"In the brutal battlefield of junior high, Sam has always tried to stay below radar — but all that changes when he discovers he has super powers.",1.8361
41207,Under the Hood,2009-03-24,"Stars from the Watchmen movie team up in the amazing live-action/CGI Under the Hood, based on Nite Owl's powerful firsthand account of how the hooded adventurers came into existence.",2.96
348909,"Batman Returns: The Bat, the Cat, and the Penguin",1992-06-17,Behind the scenes documentary about the making of Batman Returns.,2.0625
327418,Batman Unlimited: Animal Instincts,2015-05-12,"Gotham City is under siege by a series of bizarre crimes and only the world's greatest detective, Batman, can unravel the mystery! The trail leads to none other than the Penguin and his Animilitia, an animal-inspired squad of villains including Silverback, Cheetah, Killer Croc and the monstrous Man-Bat.",2.4615
1367102,Dementia,2022-01-10,,1.9522
1312014,Mercan: Skate King,2022-10-14,"An awkward, maladroit, adolescent superhero called Mercan, has been banished from the land he once ruled. He has to fight to get it back but before, he needs the help of a friend.",1.178
438561,Japanese Spiderman: Episode 0,1978-07-22,"The Iron Cross Army are sabotaging oil-tankers with the help of their monster, the Sea-Devil, a semi-mechanical anthropomorphic swordfish with an ability to shoot torpedoes from its mouth. Spiderman employs the help of the interpol agent Juzo Mamiya to help him stop the Iron Cross Army.",1.8605
142064,"It's a Bird, It's a Plane, It's Superman!",1975-02-21,"TV adaptation of the campy 1960s Broadway musical about the Man of Steel, his friends, his enemies, and his self-image problems.",1.5793
1589484,Silver Sentinel,,"By night, Sentinel is a masked crime-fighting superhero. By day, a business exec and exhausted mum. Her daughter, 14-year-old Joey’s coming-of-age battles are further complicated by the unexpected onset of superpowers. The typical mum/daughter conflicts are amplified as Sentinel’s powers decline and Joey’s blossoms. The two must find a way to overcome their differences and reconnect to defeat an absurd old foe.",2.3617
342917,Batman Unlimited: Monster Mayhem,2015-08-18,"The Joker is aided in his Halloween quest to render modern technology useless and take over Gotham City by Solomon Grundy, Silver Banshee, Clayface and Scarecrow.",2.5423
268899,Justice League: Starcrossed - The Movie,2004-07-13,"When the Thanagarians visit Earth, Hawkgirl is forced to choose between loyalty to her people and love for her friends on her adopted planet Earth.",2.0276
1150537,"Justice League x RWBY: Super Heroes & Huntsmen, Part Two",2023-10-17,"On the heels of successfully escaping a deadly digital trap, the members of the Justice League emerge in their own world to discover that Grimm, ravenous creatures from Remnant, have overtaken Earth! In order to defeat the monsters, they must call on their new friends – Team RWBY – for help!",2.2841
634898,Capitán Kinesis,2019-08-29,"Sebastián is a retired superhero who lives alone in a small flat. He leads a quiet life and it's ages since he last used his superpowers, but an unexpected visit puts his world at risk and he will be forced to defend it.",2.3102
200426,Kaizoku Sentai Gokaiger: The Movie - The Flying Ghost Ship,2011-08-06,"The Gokaigers embark on a quest to find the ghost ship that harbors the legendary God Eye, which grants any wish to whoever wields it. During their adventure, they must face Los Dark, the captain of the ghost ship, and a host of revived enemies of the previous Super Sentai teams such as Agent Abrella and Baseball Mask.",2.5842
51786,Kim Possible: A Sitch in Time,2003-11-28,"Kim and Ron start a new school year, only to learn that Ron's family is moving to Norway. This puts a strain on their partnership, just as Dr. Drakken, Monkey Fist, and Duff Killigan team up to find and use an ancient time travel device to rule the world. Attacking Kim in the past, present, and future, can these villians succeed? Or will an unforeseen force be more destructive?",2.7949
188281,Kamen Rider Kiva: King of the Castle in the Demon World,2008-08-09,"When a powerful new foe known as the Legendorga arises in 2008, Wataru investigates the mystery behind the crisis, which brings him in contact with a man Nago once knew, Shiramine Takato, whose 3WA also possess their own Rider System. When Shiramine explains how everything began in 1986, Wataru uses Castle Doran’s Time Door to travel back in time, leading him to meet his father face-to-face at last. But has Wataru managed to change the future, or will the Legendorga still rise and enslave humanity?",2.3768
197481,Captain America II: Death Too Soon,1979-11-23,Crimefighting Captain America rights more wrongs by doing battle with a fanatical terrorist who uses his deadly drug that causes accelerated aging to finance his world revolution.,1.802
2080,X-Men Origins: Wolverine,2009-04-28,"After seeking to live a normal life after 200 years, Logan sets out to avenge a death by undergoing the mutant Weapon X program and becoming Wolverine.",1.9787
463819,Villain Initiation,2016-06-28,"Chris tries to coerce his friend Dave into holding up a store, so that they can be on their way to becoming super villains.",2.392
693675,Kamen Rider Ghost: Final Stage,2017-02-08,"A stage show for Kamen Rider Ghost recorded live at Nakano Sun Plaza Hall on October 15th and 16th, 2016.",1.4617
378674,DC Films Presents Dawn of the Justice League,2016-01-19,"A documentary special taking a look at the upcoming films making up the DC Universe. Kevin Smith hosts with Geoff Johns, as they take a look at Batman vs Superman: Dawn of Justice, Suicide Squad, the upcoming Wonder Woman and Justice League movies.",2.2443
124134,"Up, Up, and Away",2000-01-22,"A boy is the only member of his family without superpowers, yet the world depends on him saving his family from computerized brainwashers. Will he realize that it doesn't take superpowers to be a hero in time to help them defeat the villains?",2.1145
269246,Batman Beyond,2014-04-19,This short celebrating 75 years of Batman from artist Darwyn Cooke returns fans to the world of Batman Beyond as Terry McGinnis' futuristic Dark Knight faces his most formidable foe of all - himself.,2.2568
1083615,Hermosa Justicia,2023-04-13,"After Dr. Olman's escape from prison, the path of two brave masked women come together as they take the reins of justice with their own forces to try to capture him. However, they must face their own fears and desires of revenge.",2.3753
1106299,The Spider Within: A Spider-Verse Story,2023-06-12,"After a particularly challenging day, Miles experiences a panic attack that forces him to confront the manifestations of his anxiety and learn that reaching out for help can be just as brave an act as protecting his city from evil.",1.9802
363863,The Robot Chicken DC Comics Special III: Magical Friendship,2015-10-18,"The Robot Chicken DC Comics Special 3: Magical Friendship surrenders DC Comics' multitude of Super Heroes and Super-Villains to the demented whims of the award-winning Robot Chicken for a triumphant third time. This time around, Batman and Superman’s bromance takes a competitive turn and the fate of the universe somehow hangs in the balance!",2.7077
28169,The Toxic Avenger Part III: The Last Temptation of Toxie,1989-11-24,"Desperate to raise money for the experimental surgery that could restore his blind fiancee's eyesight, Toxie accepts a lucrative job with the evil multinational conglomerate Apocalypse Inc.",2.9739
200758,Bakuryuu Sentai Abaranger vs. Hurricaneger,2004-03-12,"The crossover film between Bakuryuu Sentai Abaranger and Ninpuu Sentai Hurricaneger. After hijacking the Hurricaneger's mechs; Wendinu and Furabijo, who survived their supposed deaths, unleash an ancient Jakanja warrior infused with Dino Guts known as Janil Iga. Iga allies himself with the Evolian to take over Earth and destroy the Abarangers, it's up to both them and the Hurricaneger to stop the newest threat by combining their forces in a way never seen before!",1.9988
1051180,Mechamato Movie,2022-12-08,"After a mysterious spaceship crash landed on Earth, a boy named Amato came across a powerful robot named MechaBot. By outsmarting MechaBot and becoming its master, Amato can now utilize MechaBot’s unique ability to Mechanize everyday objects into high-tech devices. Unknown to him, MechaBot is being hunted by a cybernetic alien called Grakakus who will do whatever it takes to acquire MechaBot for his own evil plans.",2.5016
1212017,Keluang Man,2025-05-29,"Borhan, a former patient at a mental hospital in Tampoi, lives a life as a mysterious hero named Keluang Man. He uses his martial arts expertise and his wits to fight crime in the small town of Kluang. Borhan must face a major threat when a secret criminal organisation emerges, led by his archenemy, Shamsir. Aided by his friend Inspector Sahab, Borhan struggles with internal conflicts, questions about his sanity, and the challenges of being a true protector.",1.7289
473941,Captain America: Civil War Re-enactors,2016-05-11,Chad and Angus (Tony Hale & Adam Pally) are pool store employees who share a passion for cosplay and faithfully reenacting major battles from Marvel comic book canon. This documentary examines the coworkers' devoted yet contentious relationship.,2.0043
543094,Kamen Rider Build: Be The One,2018-08-04,"After the end of the civil war that tore apart Japan, the new governors of Touto, Hokuto and Seito work together to reunify the country. However, they are actually members of an extraterrestrial race called the ""Blood Tribe"" (the same species as Evolto), who assumed their government positions as part of a plan to destroy Earth as they have done to Mars and other planets before. Considering Sento Kiryū (Kamen Rider Build) a major threat to their plans, the Blood Tribe manipulates his friends and other civilians into attacking him. With even his close ally Ryūga Banjō (Kamen Rider Cross-Z) now against him, Sento must fight to survive and stop the Blood Tribe's plan from succeeding.",2.3491
270313,Heisei Rider vs. Showa Rider: Kamen Rider Wars feat. Super Sentai,2014-03-29,"The Underground Empire Badan makes its move, intending to invert the world. Kouta and Mai are pulled through one of these inversions where the discover a boy named Shu, who also holds the power to invert the world. As the Riders fight to protect Shu, Fifteen appears again, seeking Shu. As Kouta flees, past Riders gather and fight one another, split between the Showa and Heisei era Riders. But, the truth of Badan is not as it seems…",2.1046
197467,Captain America,1979-01-19,"Artist Steve Rogers is nearly murdered by spies, seeking his late father's national secrets. He is saved during surgery via a secret formula; this serum not only heals him but also gives him fantastic strength and lightning reflexes.  To help solve the mystery behind his father’s murder and bring those guilty to justice, a government agency equips him with a special motorcycle loaded with gadgets and an indestructible shield. Now armed, he battles against the nation's enemies as the Sentinel of Liberty, Captain America.",2.1911
18292,George Washington,2000-10-27,"During an innocent game in an abandoned amusement park, a member of the group dies. Narrated by one of the children, the film follows the kids as they struggle to balance their own ambitions and relationships against a tragic lie.",2.9389
198436,Antboy,2013-09-07,"12-year-old Pelle accidentally gets bitten by an ant and develops unimaginable superpowers. With help from his friend, comic book nerd Wilhelm, Pelle creates a secret identity as the superhero Antboy. Slowly things start to happen in the surburban community, and when a scary and crazy supervillain, Flea, enters the scene, Antboy must step up to the challenge.  The first Danish superhero-movie. Based on the books by Kenneth Bøgh Andersen.",2.755
263852,Tokumei Sentai Go-Busters the Movie: Protect the Tokyo Enetower!,2012-08-04,"The Go-Busters must protect the Tokyo Enetower from the evil Vaglass organization. However Enter's new creation Steamloid causes the Buddy Roids to rust, making them unable to fight or be used in the Buster Machines.",2.0499
88568,"OOO, Den-O, All Riders: Let's Go Kamen Riders",2011-04-01,Eiji and Ankh team up with Kotarou and Momotaros as they travel back in time to 1971 aboard the Den-Liner to stop three Mole Imagin. But Ankh’s desire to obtain Core Medals while in the past sets off a chain of events that alters the 40-year history of the Kamen Riders by allowing Shocker to take over the world. It’s up to OOO and New Den-O to restore the timeline!,1.9858
123805,Electroshock,2011-09-07,"Buck can slow time to a crawl. How will he use his new power? To impress a girl, of course.",2.0057
28482,Supersonic Man,1979-08-06,"Kronos, hero of a distant galaxy, tangles with mad scientist Gulik over the fate of mankind.",2.2672
331868,Fallen Cape,2013-10-13,"Magno, the Great Spanish superhero, vanished from public life after his implication in a child molestation scandal. 20 years have passed and now a documentary filmmaker follows the trail of the fallen hero to make a movie about him.",2.0506
1550915,Súper Z,2025-10-11,,2.7842
27601,Citizen Toxie: The Toxic Avenger IV,2001-11-01,"A horrific explosion creates a dimensional portal between Tromaville and its dimensional mirror image, Amortville. While the Toxie is trapped in the mirror dimension, Tromaville comes under the control of his evil doppelganger, the Noxious Offender.",2.6065
314285,Antboy: Revenge of the Red Fury,2014-12-25,"The film ' Antboy: Revenge of the Red Fury ' is a sequel to the Danish superhero film Antboy, based on the books by Kenneth Bøgh Andersen. The story is again on the ordinary Danish boy Pelle, who secretly fights crime as a superhero Antboy. In the first film, he made ​​short work of the super villain flea , now tucked away on the local insane clinic.",2.1649
452015,Psychokinesis,2018-01-31,"An ordinary guy suddenly finds he has superpowers he can use to help his spirited daughter and the people around them, but he also runs into trouble in the process.",2.7487
790092,Healin' Good♥Precure: GoGo! Big Transformation! The Town of Dreams,2021-03-20,"Nodoka and the others obtain something known as the ""Dream Pendant"" which gives them the ability to see holographic images of various things in Tokyo. These things vary from fish to animals to sweets!",2.2848
30617,Kamen Rider Decade: All Riders vs. Dai-Shocker,2009-08-08,"Tsukasa travels to his home world of the World of Decade, where he discovers the origin of his powers and his true heritage as the leader of Dai-Shocker. The film features all ten of the lead Heisei Kamen Riders, as well as all of the Shōwa period Kamen Riders, leading to a total of 25 Riders.",2.08
188301,Samurai Sentai Shinkenger vs. Go-Onger: GinmakuBang!!,2010-01-30,"A year after defeating Yogoshimacritein, the Go-Ongers head to the wild western realm of Gunman World to defeat Gaiark's Pollution President Batcheed in a final confrontation. However, after defeating Engine-Oh G9, Batcheed opens up a dimensional rift that sucks the Go-Ongers and Engines to other Braneworlds. Soon after, while finding themselves fighting Ugatz, the Shinkengers encounter Go-On Red as he helps take out the Ugatz on his own, much to the Shinkengers' shock.",2.4282
605048,Supervized,2019-07-16,Four aging superheroes in a retirement home in Ireland come together for one last hurrah.,2.2912
625985,"Kamen Rider Zi-O NEXT TIME: Geiz, Majesty",2020-02-28,"It's September 2018, and a group of high school students are more than ever excited to pursue their dreams. Sougo Tokiwa wants to become a desirable king, and Keito ""Geiz"" Myokoin works tirelessly to become the true judo champion while trying to impress his crush, Alpina Tsukuyomi. However, one day Geiz suffers a career-ending injury during a judo match in a judo tournament, forcing him to give up his dream of become a judo champion. While still grieving, he was met by a mysterious man, who wanted to give Geiz a Ridewatch and a Driver.  ""My name is Woz, I came here to guide you to become a savior. If not, Sougo Tokiwa will become the worst and evillest demon king."" Meanwhile, a new transfer student leads him to nothing but one grand conspiracy.",1.6954
1078835,Ohsama Sentai King-Ohger: Adventure Heaven,2023-07-28,"During the grand coronation ceremony of Gira as king, the door to ""Hakabaka, the Land of the Dead"" is suddenly opened! What unprecedented ordeal awaits Gira and the other six kings in the Land of the Dead? Will the young kings be able to return to their original world? Will Gira, the ""self-proclaimed king,"" become the true King of Shugoddam?!",1.8638
137649,Farewell Kamen Rider Den-O: Final Countdown,2008-10-04,"When the Imagin and Kohana take a trip to visit Ryotaro and Airi, they are attacked by the legendary Ghost Train, and onboard are two Imagin and the evil Kamen Rider Yuuki, who is none other than Ryotaro! But when all hope seems lost, a blue DenLiner appears, delivering someone claiming to be Kamen Rider New Den-O! Just who is he, and can he help everyone save Ryotaro and save time once again?",2.0545
112082,Suite Precure♪ The Movie: Take It Back! The Miraculous Melody That Connects Hearts!,2011-10-29,"Music is disappearing from Majorland. Rumors say that the one who's deleting the music is actually Aphrodite-sama. If that's the case, the Melody of the heart, the exploding Rhythm and the beating Beat will also disappear.",1.6096
204435,Krrish 3,2013-11-01,Krrish and his father must team up to save the world from a psychokinetic evil man named Kaal and his army of mutants.,2.7278
150434,Futari wa Precure Splash☆Star the Movie: Tic-Tac Crisis Hanging by a Thin Thread!,2006-12-09,"In the middle of a karaoke contest, Saki and Mai find that time has suddenly stopped. Following some spirits, they wind up in the Land of Clocks where they find Sirloin, a warrior from Dark Fall who is keeping the Infinite Clock hostage.  Naturally, Pretty Cure won't stand for this, and they begin to battle. But can they stop fighting with each other first?",1.6107
657644,Minnal Murali,2021-12-16,A tailor gains special powers after being struck by lightning but must take down an unexpected foe if he is to become the superhero his hometown in Kerala needs.,3.0914
200424,Kaizoku Sentai Gokaiger vs. Space Sheriff Gavan: The Movie,2012-01-21,"The legendary Space Sheriff Gavan is hired to capture the Kaizoku Sentai Gokaiger. However, Gavan himself is captured by Ashurada, a Zangyack prison chief and descendant of his old enemy Don Horror, and jailed in the worst prison in the universe. The Gokaigers resolve to rescue the sheriff from the prison and join forces with him to fight Ashurada.",2.0775
585718,"OOO, Den-O, All Riders: Let's Go Kamen Riders: ~Let's Look! Only Your 48 Riders~",2011-03-11,"A series of net movies to promote the Kamen Ride movie ""OOO, Den-O, All Riders: Let's Go Kamen Riders"". 48 shorts were released with each webisode focusing on a Kamen Rider that matches a specific Zodiac sign and a blood type.The webisodes are alternatively hosted by Sieg, Momotaros, Kivat and Urataros. After each segment, the host explains the featured Kamen Rider's horoscope, determining which other Rider he is most compatible with and which one he is not, as well as which Riders are compatible with women of the webisode's specific Zodiac sign and blood type.",1.446
41800,Superman and the Mole Men,1951-11-23,"Reporters Clark Kent and Lois Lane arrive in the small town of Silsby to witness the drilling of the world's deepest oil well. The drill, however, has penetrated the underground home of a race of small, furry people who then come to the surface at night to look around. The fact that they glow in the dark scares the townfolk, who form a mob, led by the vicious Luke Benson, intent on killing the strange people. Only Superman has a chance to prevent this tragedy.",2.105
269444,Kamen Rider × Kamen Rider Gaim & Wizard: The Fateful Feudal Movie Wars,2013-12-14,"The story is divided in three portions. The Kamen Rider Wizard portion, Kamen Rider Wizard: The Promised Place, taking place after the finale and defeating Amadum. The Kamen Rider Gaim's portion of the film is titled Kamen Rider Gaim: Sengoku Battle Royale!. A battle royale is being held exclusively for the Armored Riders in Zawame City. In the final portion of the film, titled Sengoku Movie Battle, Kamen Riders Wizard and Beast join Kamen Rider Gaim in the alternate world to stop Kamen Rider Bujin Gaim from acquiring the ""ultimate power"" he seeks.",2.1829
365068,GARO: Gold Storm Flight,2015-03-28,"Ryuga and Makai Priest Rian attempt to cleanse the Golden Armor when they are confronted by living weapons- the Madou– who have another way to free the world from Horrors. In the process, Ryuga will unlock a new stage of power referred to as Garo Sho.",1.3203
19323,Superman: Brainiac Attacks,2006-06-20,"Embittered by Superman's heroic successes and soaring popularity, Lex Luthor forms a dangerous alliance with the powerful computer/villain Brainiac. Using advanced weaponry and a special strain of Kryptonite harvested from the far reaches of outer space, Luthor specifically redesigns Brainiac to defeat the Man of Steel.",1.9587
1258925,Mantra Warrior: The Bridge to Lanka,2024-03-30,"The war between the armies of Nram and the emperor Ravana That fought each other for a long time, endlessIn another universe, during which battle Rama was missed, was abducted by a monk, kidnapped Sita, and fled. And this is the path to help Sita's  “Age” and “Whale” Now that both of them have cracks in a small relationship... but the word “duty above life” causes them to join each other with something that comes to mind.",2.3726
834802,"Ben 10,010",2021-04-02,"In a future where an adult Gwen Tennyson is president and the world is being taken over by the alien horde known as the Xerge, a disillusioned Ben 10,000 is called out of retirement to recruit his 10-year-old version from the past. Based on the 2016 reboot.",2.4547
433726,Kamen Rider × Super Sentai: Ultra Super Hero Wars,2017-03-25,"The Game World launches an attack on the real world. In front of Kamen Rider Ex-Aid and the Uchu Sentai Kyuranger appears the ""Arena of Death"" where the destruction of the Earth will be decided. Trapped in this inescapable dimension, generations of Super Sentai and Kamen Riders must engage in a battle royale, an unprecedented battlefield of many puzzles connecting the real and game worlds. And then, ""Those Heroes"" revive... Everything is scaled up, all rules are broken! And when it seems like the real world will fall into a disaster, imagination brings forth unimaginable new heroes!",2.1836
188282,Kamen Rider × Kamen Rider OOO & W Featuring Skull: Movie Wars Core,2010-12-18,"Confronting a mysterious enemy, the Pteranodon Yummy, Kamen Rider W receives aid from Ryu, who has infuriated Akiko by being too busy to attend her wedding! Akiko demands to know why he even became a Kamen Rider in the first place and the Pteranodon Yummy as it uses the Memory Memory on her to give her the answer to her question. Meanwhile, at the Kougami Foundation, Kousei Kougami talks of the most avaricious man in Japan, Oda Nobunaga, whose final resting place was found. With Doctor Maki overseeing the process, Kougami commissions the creation of a Cell Medal homunculus based on Nobunaga himself.  Later, Kamen Rider Core begins to destroy the area as Kamen Riders OOO and W team up to fight the enemy. However, Kamen Rider Core proves too powerful and the two go underground to destroy the Gaia Memory’s source of power to even the odds.",1.92
702357,WordGirl: The Rise of Miss Power,2012-01-01,There's a new super hero in town and WordGirl is excited for Miss Power to teach her everything she knows! But Miss Power has a secret weapon using mean words against others. Is she really a super villain?,1.7466
1054651,The Batguy,2021-05-25,"A comedy mockumentary about a guy that decides to become the first real world superhero, but isn't cut out for it",2.499
447856,Pad Man,2018-02-09,"Upon realizing the extent to which women are affected by their menses, a man sets out to create a sanitary pad machine and to provide inexpensive sanitary pads to the women of rural India.",2.0623
31278,Pumaman,1980-02-14,"Thousands of years ago, aliens visited Earth and fathered the Pumaman, a man-god with supernatural powers entrusted by a gold mask with the ability to control people's minds, which in present-day London, falls into the wrong hands.",2.2439
86304,All Superheroes Must Die,2011-10-26,"Masked vigilantes Charge (Jason Trost), Cutthroat (Lucas Till), The Wall (Lee Valmassy), and Shadow (Sophie Merkley) are rendered powerless by their archenemy (James Remar) and are forced to complete a series of deadly tasks in order to save the lives of more than 100 innocent civilians. Should they fail or refuse to cooperate, the entire town will be destroyed. ~ Jason Buchanan, Rovi",1.924
188288,Kamen Rider W Forever: A to Z/The Gaia Memories of Fate,2010-08-07,"Intercepting the transport carrying Foundation X’s new 2nd generation Gaia Memories, the special-ops unit NEVER, led by Daido Katsumi, intend to turn Fuuto into Hell on Earth. With Daido wielding the T2 Eternal Memory and a Lost Driver, granting him power in the form of Kamen Rider Eternal, Fuuto’s Kamen Riders are left powerless as Daido and his allies take control of Fuuto Tower, converting it into a massive laser weapon…",2.0298
168608,Space Cop Gavan The Movie,2012-10-20,"Fifteen years ago, three childhood friends, Geki, Sherry and Okuma, were star-gazing and became inspired to go into space. As adults, Geki and Okuma join a mission to Mars, but their space shuttle goes missing before they could reach their destination. A year later, a monster attacks and a mysterious silver-colored warrior appears.",2.0399
200428,Hyakujuu Sentai Gaoranger VS Super Sentai,2001-08-10,"Hyakujuu Sentai Gaoranger VS Super Sentai is a 2001 Super Sentai Series V-Cinema movie which celebrates the 25th anniversary of the Super Sentai Series. It features a team up of the protagonists of Hyakujuu Sentai Gaoranger with previous heroes of the Super Sentai Series over its twenty-five year history. It is the first vs. movie, followed by Boukenger vs. Super Sentai, in which the current team do not team up with the previous team, rather a veteran team composed of Rangers from various Sentai.",1.9066
341007,3 Braves,2015-05-21,"Three Braves is the story of three extraordinary children who rise from the most unlikeliest of places and save their town from the evils plague it. Equipped with courage and super powers,11 year old Amna, Saadi and Kamil battle against the odds and stand up to injustice to restore peace and harmony in their once thriving community And live a very happy life.",2.0462
460135,LEGO DC Super Hero Girls: Brain Drain,2017-07-12,"When Supergirl, Wonder Woman, Batgirl, Bumblebee and Katana suddenly realize they cannot remember a single moment from their Monday at Super Hero High, the young DC Super Heroes spring into sleuthing action! Suspecting foul-play, they band together to retrace their steps and uncover the mystery of who exactly stole their memories – and what nefarious plan might be afoot?",1.9794
1001912,Marvel Studios Assembled: The Making of Ms. Marvel,2022-08-03,"Go behind-the-scenes every step of the way with immersive footage from the making of the series, along with insightful interviews on set from the cast and crew of Ms. Marvel as we watch Iman Vellani and her character, Kamala Khan, become the fan-favorite superhero right before our eyes.",2.1151
586147,"Kamen Rider Fourze the Net Edition: It's Class Time, Everyone!",2012-07-13,"To promote the Kamen Rider Fourze movie ""Kamen Rider Fourze the Movie: Space, Here We Come!"", Toei released this series of digital clips. A total of 28 webisodes were created, each divided into categories like the game show style ""Horoscopes Ogiri"" segment and ""Shake Hands in the Rabbit Hatch"". Two such categories like ""Principal Hayami's Special Interview"" and ""Melancholy of Sarina Sonoda"" serve to provide backstory for the main series.",1.6135
44045,Ultraman Cosmos vs. Ultraman Justice: The Final Battle,2003-08-02,"Once again, Musashi has encounter Ultraman Cosmos. Now Ultraman Cosmos has gained some new modes to defeat Scropis. Musashi has joined Team Sea to save the Blue Area. But there is mysterious evil monster, Sandros, who wants to destroy the Earth. Now it is up Musashi and Ultraman Cosmos to defeat Sandros and who’s the other Ultraman?",1.6843
214722,Pretty Cure All Stars New Stage 2: Friends from the Heart,2013-03-15,"One day, the Pretty Cures receive an invitation to a party in their honor. Everyone is heading to the party venue, the school of fairies, but awaits a mysterious shadow. The shadow steals transformation objects! What can they do? If the Cures can not be converted are in big trouble! If this continues, the school, our world and everything else will deborado by that shadow! The 32 Pretty Cures will fight to protect everyone!",1.92
1286444,BoBoiBoy Movie 3: Ghost of Gur'latan,,Follows BoBoiBoy on his quest to unlock his Third Tier Elemental Powers.,1.6368
65904,Who Wants to Kill Jessie?,1966-08-26,"In this zany Czechoslovakian comedy, a scientist invents a machine that projects a sleeping person's dream on a screen; disaster soon follows when the machine malfunctions and the cartoon-like dream characters become very real!",1.6556
336400,Ultraman Zearth 2: Superhuman Big Battle - Light and Shadow,1997-04-12,"Ultraman Shadow, Ultraman Zearth's most terrifying adversary yet, is brought to Earth by the murderous alien, Lady Benzen to be Ultraman Zearth's assassin. Ultraman Shadow is a warrior of darkness equipped with mysterious powers. Prepare to witness the ultimate showdown, colossus versus mighty colossus, the battle ground: Planet Earth!",2.315
1041721,Ninpu Sentai Hurricaneger Degozaru! Shushuuto 20th Anniversary,2023-06-16,"It is the Edo Period. Younosuke, Nami, and Koutaro of the Hayate School and Ikkaku and Ikki of the Ikazuchi School are confronted by Oiranda and Aunja of the ""Seven Spears of Darkness"" and then Teruhime, whom the two Ikazuchi School members guard, is attacked. They were after the ""Tenshoishi"" (""Ascension Stone""), a stone said to be capable of destroying the world, which was in Teruhime's possession. Just when all seemed to be lost, the Hurricangers and the Gouraigers suddenly appear, having traveled back in time from the future, and a fierce battle ensues.",1.7179
38973,Kamen Rider Den-O The Movie: I'm Born!,2007-08-04,"With Gaoh having stolen the DenLiner and trapping the Imagins onboard, Ryotaro and Hana find themselves trapped in the year 2000 where they meet Ryotaro’s younger self, but Ryotaro is slowly forgetting everything having to do with Den-O! As Gaoh gets closer to his target, the only hope lies with Yuuto’s complex plans and a little bit of luck, or else time itself could fall victim to Gaoh’s evil desires!",1.6559
887344,Kamen Rider: Beyond Generations,2021-12-17,"Ikki, Touma, and their allies fight against a Devil with ties to Shocker while attempting to help a Kamen Rider from the future reconcile with his now elderly son.",1.8541
1545652,Handbook for Superheroes,2025-12-25,"Ten-year-old Lisa, bullied in the decaying town of Rosenhill, finds a book that teaches her to become a superhero. As ""Red Mask,"" she must face a ruthless crime boss and her fears, learning that true heroism lies in compassion and courage.",2.0699
1662526,Hasan The Electricity,2026-04-03,"A boy named Hasan gains lightning powers after using a mysterious heroin. As he begins to explore his abilities, he is suddenly hunted by a masked figure who can move at incredible speed without moving its legs.",1.8965
264572,Zyuden Sentai Kyoryuger vs. Go-Busters: The Great Dinosaur War,2014-01-18,"Both TyrannoRanger and AbaRed are attacking the Kyoryugers because of mind control by Space War God Boldos.  Boldos uses the feelings of revenge from enemies defeated by heroes who uses the power of dinosaurs, creating Neo-Grifforzer and Neo-Geildon, clones of past enemies as well as Enter and Escape,enemies of the Go-Busters. Villains spanning generations are united into a single evil force.  The Kyoryugers, who are fighting an unseen evil, meet with the Go-Busters, and the ""Greatest Trap ever seen on Earth"" is sprung. What rises up against the true dinosaurs, and the death of your best friends? Now, the Kyoryugers must try and use the ""True Brave"".",1.9533
13856,Special,2006-11-17,A lonely metermaid has a psychotic reaction to his medication and becomes convinced he's a superhero. A very select group of people in life are truly gifted. Special is a movie about everyone else.,1.9423
246973,Into Pieces,2004-01-01,"A man tries desperately to complete a simple wooden puzzle. He is visibly frustrated by his numerous attempts to solve the puzzle. A superhero flies in to his rescue, only to be deflated and mocked when the superhero's true self is revealed.",2.0359
961071,Kamen Rider Genms: -Smart Brain and the 1000% Crisis-,2022-04-17,Amatsu Gai's journey to learn more about Genm Corp. has its consequences when he faces a revived Kuroto Dan once again.,1.8263
28165,The Toxic Avenger Part II,1989-07-15,"Melvin Junko was a nerdy weakling until he fell into a vat of toxic waste, turning him into the first ever superhuman creature from New Jersey. This time, he takes on Tokyo.",2.0878
264170,Batman: Strange Days,2014-04-09,"A lost tale from Batman's past, the Dark Knight tracks a strange giant to the mysterious lair of Hugo Strange.",1.6906
212970,The Powerpuff Girls: 'Twas the Fight Before Christmas,2003-12-12,"When Princess Morebucks finds out that she's been put on Santa's naughty list (in fact, she's the only one on it!), she does a quick re-write, resulting with Bubbles, Blossom, and Buttercup with nothing but coal for Christmas! On top of all that, Princess gets the one thing she wants for the holidays: super powers! Now, the girls have to stop Princess and make sure that Christmas is saved for children everywhere.",2.8246
187922,Kamen Rider ZO,1993-04-17,"Masaru Aso was the lab assistant of geneticist Doctor Mochizuki, used as one of his experiments related the creation of the Neo Organism, enabling him to transform into a grasshopper-like being called Kamen Rider ZO. He fled into the mountainside and went into a coma before he was awakened by a telepathic call two years later with an unconscious urge to protect Hiroshi Mochizuki, the son of Doctor Mochizuki.",2.0559
1663937,Star Detective Pretty Cure! The Movie: The Mysterious Garden and The Pair’s Secret,2026-09-18,Movie based on Star Detective PreCure!,1.8898
385722,Bling,2016-05-06,"Lowly theme park mechanic Sam dreams about his childhood sweetheart Sue. With the mistaken belief that only a bling ring can win the girl of his dreams, Sam plans the most perfect night to propose to his one true love. But when super villain Oscar shows up with his own evil ring that could destroy the city, Sam’s plans are thrown into utter disarray. Mistaking each other’s rings for their own, Sam teams up with his robot super heroes to track down his engagement ring and save the city… learning that it’s not about the size of the bling, but the size of your heart.",1.8913
228720,Ninpuu Sentai Hurricaneger: 10 YEARS AFTER,2013-08-09,"A space ninja group initiate mysterious bombings around the world - from Paris, to Egypt, China, and many others. Nanami and Kouta followed the series of incidents, but were surprised to see a familiar figure appearing before them! It was mentioned that a mistake was made from a battle 10 years ago. This is a V-Cinema, direct to video, movie to commemorate the 10th anniversary of Ninpu Sentai Hurricaneger.",1.5789
1138522,Angelman,2023-05-31,"Every day, Arnaud comes across the mysterious Mr. Angel on the stairs of his building. As he helps him take his groceries upstairs, Arnaud finds out that he is actually Angelman, the first of the superheroes, now a forgotten old man.",1.682
65584,Aquaman,2006-07-24,A young twenty-something diver living in the Florida Keys discovers he has the power to breathe underwater.,2.1119
1249007,Geats Extra: Kamen Rider Gazer,2024-04-07,"Niramu, who has just been appointed as a DGP producer, goes to the Sengoku period in Japan for his first job. There, he learns about the ""realism"" of this era from the navigator, Miiru, and savors the valuable experience. Meanwhile, Nemeru, a veteran producer who has been active in DGP since its inception, makes a suspicious move... Realism and fiction - what is necessary for true entertainment?",2.3022
145967,Electric Earthquake,1942-05-15,"A scientist uses an earthquake machine to threaten the city, and only Superman can stop his extortion plan!",1.8931
1270635,Prophecy,2025-03-24,,1.9333
178848,Super Kamen Rider Den-O & Decade NEO Generations: The Onigashima Warship,2009-05-01,"Under the impression that they saved the World of Den-O, Tsukasa Kadoya (Kamen Rider Decade) and company begin their journey to the World of Kabuto when they are halted by Sieg who presents them a manuscript that detailed the legendary Oni Conquest with Momotaros' image on it. As this occurred, the Tarōs mysteriously vanish from the DenLiner as they are about to help Kotaro Nogami (Kamen Rider New Den‑O) out with the true threat to their world.",1.7624
318718,Ultraman Tiga & Ultraman Dyna & Ultraman Gaia: The Battle in Hyperspace,1999-03-06,"A young boy discovers a magical rock that can make any wish come true. But the rock is stolen by a school bully who uses it to create a powerful and dangerous monster. The only way to stop the beast is to enlist the help of superhero Ultraman Gaia. The boy does everything he can to help the XIG Team, a brave group of humans who have direct contact with Ultraman Gaia as well as Ultraman Dyna and Ultraman Tiga.",2.0991
968603,Wonder Boy!,2022-05-09,"Ten-year-old Adam suffers from Juvenile Arthritis. To cope with the daily struggles of his illness Adam draws comics and retreats into his imagination. As the courageous Wonder Boy! Adam fights alongside the heroic Captain Wonder against the notoriously evil Dr. Itis. As Adam’s illness progresses both reality and fantasy collide, and he must find the inner strength to overcome both his illness and the evil Dr. Itis before it’s too late.",2.5297
54007,Star Kid,1997-11-13,Shy seventh-grader Spencer Griffith's life changes when the meteor falls into local junkyard and he finds a Cybersuit - the wise and strong robot from another galaxy. Spencer puts Cybersuit on and becomes a different kind of guy,1.5688
457331,Kamen Rider Ex-Aid the Movie: True Ending,2017-08-05,"An evil ninja Rider, Kamen Rider Fuma, appears from the virtual reality world in an effort to conquer Earth! It is up to the CR Riders to use the power of virtual reality gaming to save a young girl’s life and stop the evil plans of Machina Vision CEO Johnny Maxima before the Bugster Virus infects all of humanity!",1.7434
1026208,Marvel Studios Assembled: The Making of She-Hulk: Attorney at Law,2022-11-03,"Join the likes of Tatiana Maslany, Mark Ruffalo, Tim Roth, and Benedict Wong as they reveal how Marvel Studios’ She-Hulk: Attorney at Law was conceived and shaped. Discover what it took for She-Hulk’s creators to pull off the show’s tricky tone and deliver Marvel Studios’ first truly comedic series – one that boldly breaks the fourth wall to acknowledge its own audience, no less!",1.9694
789953,Kishiryu Sentai Ryusoulger Special Chapter: Memory of Soulmates,2021-02-20,"Linked to episodes 32 and 33 of the Ryusoulger TV series, the movie will reveal the meaning of Nada’s video message which he left for the Ryusoulgers at the end of episode 33.",1.9749
582083,Kamen Rider Build NEW WORLD: Kamen Rider Grease,2019-09-06,"Deputy Officer of the United Nations Alliance, Simon Marcus, who aims to conquer the world with the terrorist organization Downfall along with the mad scientist Keiji Uraga, attack the Kamen Riders with overwhelming strength. It is only on Kamen Rider Grease that the enemy's abilities did not work. In order to defeat this new enemy and rescue Misora, Kazumi Sawatari must create a new item ... but it is told that it requires the  life of his friends, the Three Crows. The ultimate decision must be made.",1.9732
179883,Smile Precure! The Movie: Big Mismatch in a Picture Book!,2012-10-25,"The movie transports the Precure into a world inside a picture book, where they are guided by Niko, a mysterious inhabitant of the picture book world.",1.6233
583055,Spider-Ham: Caught in a Ham,2019-03-19,"Spider-Ham faces off against bad guys, chows down on hot dogs, and makes plenty of food-based puns.",2.2419
83432,Hurricane Polymar: Holy Blood,1996-09-21,"Takeshi is a young man who receives the Polymar helmet to fight the vicious Pluto army. Given incredible abilities, he now fights for justice as Hurricane Polymar. This is a darker reboot of the original superhero anime of the same name.",1.672
732721,Combat Wombat,2020-10-15,"Maggie Diggins, a wombat turned Wonder Woman, unintentionally becomes the city's superhero after she begrudgingly saves a rookie superhero sugar glider from certain doom.",1.8793
1064869,Panji Tengkorak,2025-08-28,"Panji, who sold his soul to black magic to avenge his wife's death, intended to end his life, but found his body now shackled by black magic that controlled his soul. After wandering aimlessly, Panji met an old warrior who asked for his help to chase a bandit who had seized a sacred heirloom that was said to be able to eliminate the power of black magic. Panji accepted the offer that dragged him into a long war between two kingdoms and revealed the reality of his dark past.",1.5086
270893,Ressha Sentai ToQger vs. Kamen Rider Gaim: Spring Break Combined Special,2014-03-30,"The ToQGers stop at a  station in Zawame City, where there is no Shadow Line activity. However, they come across Kamen Rider Gaim and are brought into a fight with the Underground Empire known as Badan. As the ToQGers and the Armored Riders work together to discover Badan’s true intentions, a mysterious Rider calling himself Fifteen appears…",2.0368
592687,Marvel Rising: Battle of the Bands,2019-08-28,"On the day of Gwen’s “Battle of the Bands” competition, mysterious attacks force her and the Secret Warriors to investigate. Can they save the city and get Gwen to the concert on time?",1.9221
270721,A 10th Rider Appears! Kamen Rider - All Riders Assemble!,1984-01-03,"The Badan Empire killed Ryo Murasame's older sister, and he had been cybernetically remodeled into ZX. However, he regained himself after an accident and stood up fearlessly.",2.2508
36751,Twice Upon a Time,1983-08-05,"In the world of the Murkworks where nightmares are made, the evil Synonamess Botch hatches a scheme to make non-stop nightmares. Only Ralph and Mumford, misfits from the cheery land of Frivoli where good dreams are made, can stop him.",1.7205
13780,Mercy,2008-07-26,"After she is killed in a wave of small town hysteria, Mercy Hawkins is resurrected by a mysterious healer who gives her the power to seek justice against her attackers.",1.6402
11693,Big Man Japan,2007-05-19,"Daisato, a second-rate, third-generation superhero, annoys his neighbors with the noise and destruction he causes on the job. But a heroic public image is the least of his concerns. Besides defending Japan from bizarre monsters, he must deal with an agent seeking to brand him with ads, a superhero grandfather with Alzheimer's and a family embarrassed by his incompetence.",2.2871
818914,Zero-One Others: Kamen Rider Metsuboujinrai,2021-03-26,"ZAIA Enterprise CEO Leon Arkland has abducted Jin away from Metsuboujinrai.net. A large number of soldier-model Huma Gears ""Sold"" were seen by Naki and Ikazuchi while rescuing Jin. The intention of Leon Arkland was to mass-produce ""Sold"" and sell them as weapons all over the world. Jin is indignant at the fact that Humagears are about to be used as a weapon, and tells the other members of Metsuboujinrai.net that he wants to free the ""Solds"".  Four people who transform into Kamen Riders will fight to release the ""Solds"". However, something unexpected happened... What happened to Jin, while he was captured by Leon? According to Leon's plan, the being that poses the ""greatest threat"" to humankind is about to be born in a surprising way...",1.4852
509080,LEGO Marvel Super Heroes: Guardians of the Galaxy - The Thanos Threat,2017-12-09,"The Guardians are on a mission to deliver the Build Stone to the Avengers before the Ravagers, Thanos and his underlings steal it from them.",1.6478
582076,Kamen Rider Gaim: Final Stage,2015-02-13,"Those who have died - Hase, Sid, Yoko, Kaito, the Professor and Over Lords - are gathered together by a mysterious being known as Maja, who seeks to take over the world. He brainwashes them to do his bidding. Kamen Rider Maja once was a presence that witnessed the erosion of the Earth brought on by Helheim and Sagara, and now he takes action to claim the Earth for himself. Gaim attempts to rush in to stop Maja, but has his memory and combat ability taken away. He came to Zawame and met with Jonouchi and the others, having forgotten everything. With the invasion of Maja in progress, Gaim has to regain his memory and confront Maja…",1.2566
726664,Fearless,2020-08-14,A teen gamer is forced to level up to full-time babysitter when his favorite video game drops three superpowered infants from space into his backyard.,1.8871
166890,The Return of the Incredible Hulk,1977-11-28,"Continuing his solitary flight, David Banner arrives in a small town where he saves the life of a young heiress, the target of a deadly conspiracy orchestrated by her stepmother and a corrupt physician. While working undercover to protect the girl and dismantle the plot, Banner must struggle to contain the beast within, especially when the arrival of reporter Jack McGee threatens to expose his secret to the world.",1.577
1041360,"Olimpo, Andalucía",2023-01-27,"In a 'neo-quinqui' Andalusia plagued by superheroes and villains, the paths of a couple with superhuman strength and a criminal organization with highly developed technology collide spectacularly.",1.7668
120422,Pretty Cure All Stars New Stage: Friends of the Future,2012-03-17,"In the city of Minato Mirai in Yokohama, the news of Fusion's defeat by the Pretty Cures is the hottest topic in town! Girls everywhere, were in love with the Pretty Cures, are dressing up and acting as their favourite Cures. Only Sakagami Ayumi, the new transfer student, is alone by herself.  On her way home from school, Ayumi encounters a strange creature. After naming it Fuu-chan, Ayumi and the creature soon become good friends. However, Fuu-chan is actually a piece of Fusion, and holds the power of darkness. In an effort to make Ayumi happy, Fuu-chan swallows up everything that Ayumi dislikes, creating chaos in school and throughout the city!  To help bring across Ayumi's true feelings to Fuu-chan, all 28 Pretty Cures were gathered once more. When everyone's power comes together, a miraculous light starts to shine.",1.63
1212346,The Guardians,2013-03-05,"Pop band TGK seems like an easy target for a con artist, until it turns the tables on him and takes him for a ride.",1.9196
200757,Gekisou Sentai Carranger vs Ohranger,1997-03-13,The team-up between Gekisou Sentai Carranger and Chouriki Sentai Ohranger.,2.6949
69336,Justice League of America,1997-12-28,The evil Weather Man is intent on destroying New Metro City with a series of malevolent meteorological mishaps. Can the super-powered (and semi-employed) Justice League of America save the day? Or will New Metro be drowned in a humongous tidal wave?,1.4251
19379,Condorman,1981-07-02,"Comic artist and writer Woody performs a simple courier operation for his friend Harry who works for the CIA. But when he successfully fends off hostile agents, he earns the respect of the beautiful Natalia, who requests his assistance for her defection. Woody uses this request as leverage to use the CIA's resources to bring his comic book creation, Condorman, to life to battle the evil Krokov.",2.0164
512273,Engine Sentai Go-Onger: 10 Years Grand Prix,2018-09-26,"Taking place 10 years after the Go-Onger fought the Gaiark, unprecedented peace has come to the Human World thanks to The Minister of Defense Noizumi's Isolation Barrier. But because of this, it severed the connections between the Go-Ongers and the Engines. Plus, due to the Sentai Activity Ban Law, the Go-Ongers are labelled as terrorists! Amidst that, a mysterious young boy named Souji appears to them with BeaRV's Engine Cast. Sosuke / Go-On Red and the rest save him as he was being pursued by the special police. For some reason, one standing in their way is Saki / Go-On Yellow, who parted ways with the Go-Ongers and has become part of the governments public relations office. The major incident will drag the world in and how will it involve the fate of the Go-Ongers?!",1.9438
1418823,No. 1 Sentai Gozyuger: TegaSword of Resurrection,2025-07-25,"TegaSword dies?! The disaster that triggered the outbreak of the Universe War in the past. TegaSword was defeated by a Calamity remnant named Pestis. All it needs to revive is the ring that is the core of the stolen TegaSword. To retrieve the ring, the Gozyugers jump into the body of TegaSword, where Pestis is hiding and face many challenges!  Will the five ""outcasts"" be able to unite and overcome the challenges? The shocking truth behind the birth of TegaSword is revealed for the first time?! Fight, Gozyuger! Revive the giant TegaSword! Protect the dreams and wishes of people!!",2.0004
106922,Argoman the Fantastic Superman,1967-03-24,"Argoman is practically invincible with powers beyond the scope of mortal man. Who is Sir Reginald Hoover, he seems to know what mission Argoman is involved with? Will Jenabell become the Queen of the World and achieve her wishes to outsmart Argoman?",1.9233
145931,Billion Dollar Limited,1942-01-09,"Robbers target a special train carrying a billion dollars worth of gold, and the only one who can stop them is Superman!",1.7217
47773,Superior Ultra 8 Brothers,2008-09-13,"Ultraman Mebius is joined once again by Ultraman, Ultra Seven, Ultraman Jack, and Ultraman Ace, as well as three later Ultramen (Tiga, Dyna, and Gaia) to fight more powerful versions of familiar Ultra Monsters.",2.211
1291861,Watching Daisy,2024-05-17,A defeated superhero is faced with her greatest challenge yet: babysitting duty.,1.3986
459075,BraveStorm,2017-11-10,"In the year 2050, mankind is extinct. The last survivors travel back in time to stop the invader, Killgis, aided by roboticist Kenichiro Kurenai. When they arrive at the past, they start to build a giant robot, Red Baron, and the pilot of the Red Baron races against time aided by reinforced humans to identify the alien in a fierce battle which starts in Tokyo for the survival of Earth. This is a re-imagining of the 1970s TV series' ""Silver Kamen"" and ""Super Robot Red Baron"".",1.6687
826708,Kamen Rider Saber + Kikai Sentai Zenkaiger: Super Hero Chronicles,2021-07-22,"Touma, Yuri and Mei somehow ended up in the World of Zenkaiger while four Zenkaigers, except Juran, ended up in the World of Saber. The reason for their swap is due to a man who wishes to rid the world of heroes. How does a teenage boy manga artist tie into this? And why are they sent into different stories filled with previous Kamen Riders and Super Sentai Teams?",1.6707
378932,Antboy 3,2016-02-11,"Antboy is challenged by the release of archenemy Loppen from prison, the new super villain, Alicia Dufort, and competition from an all new vigilante; the Hero Without a Name.",1.7161
188216,Juken Sentai Gekiranger vs. Boukenger,2008-03-14,The team-up movie between Juken Sentai Gekiranger and GoGo Sentai Boukenger. Gekirangers are visited by Boukengers when someone from space with ultimate power threatens the existence of Earth,2.0924
1134424,Mantra Warrior: The Legend of The Eight Moons,2023-10-11,"A story inspired by the original RAMAYANA, retold in a futuristic universe, involving brave warriors who possess ancient powers from another dimension.",1.8633
268673,Kamen Rider Agito: Project G4,2001-09-22,"Shouichi encounters a teenage girl called Sayaka, who ran away from a military facility because of an attack by the Ant Lords. Sayaka has a supernatural ability to foresee the future. Risa Fukami, of the military group GA, wants to use that power to enhance the newly-made G4 System, which was based upon designs stolen from Ozawa.  Now, Agito and Gills must fight to stop the Ant Lords' attack, as G3 and G4 settle their score.",2.387
84160,Pretty Cure All Stars DX: Everyone Is a Friend - A Miracle All Pretty Cures Together,2009-03-20,"Love, Miki and Inori are on their way to a dance contest, but get lost on their way to Minato Mirai. Still looking for their way, they are attacked by a monster. When the three Fresh Precure girls start to fight it, other Precures show up to support them. They all have to combine their powers to win against this mighty enemy.",1.6359
266037,Kamen Rider Wizard in Magic Land,2013-08-03,"A rainbow-colored tornado takes Haruto and Koyomi to an alternate reality called ""Magic Land"". There, its residents never developed science. Instead they put extensive research on magic. As a result, anyone has an ability to use magic, and some of them can even transform into a Kamen Rider Mage. When Haruto arrives, he meets a young orphan called Shiina. As Haruto explores Magic Land, he finds the Emerald Palace and meets Emperor Maya. He also meets Prime Minister Orma, who is known as Kamen Rider Sorcerer, who does not appear what he may seem to be...",1.6356
258807,TIGER & BUNNY: The Rising,2014-02-08,"The heroes of 'Tiger & Bunny' are back in an all-new feature-length film! Picking up after the events of the Maverick incident, Kotetsu T. Kaburagi, a.k.k Wild Tiger, and Barnaby Brooks Jr. resume their careers as heroes fighting crime in Hero TV's Second League. Their partnership comes to a sudden end when Apollon Media's new owner Mark Schneider fires Kotetsu and moves Barnaby back into the First League, pairing him up with Golden Ryan, a new hero with awesome powers and a huge ego to match.  When the heroes are sent to investigate a string of strange incidents tied closely to the city's Goddess Legend, they discover three super powered NEXTs plotting to bring terror and destruction to Stern Bild. With the lives of millions hanging in the balance, Barnaby and Goden Ryan must overcome their differences to contain the approaching doom, while a jobless Kotetsu's resolve as a hero is put to the test as he struggles to help his fellow heroes from the sidelines.",1.7631
38969,Kamen Rider Blade: Missing Ace,2004-09-11,"Four years after an alternate ending to the series, in which Blade seals the Joker, the characters have moved on with their lives: Kenzaki is a garbage man, Mutsuki has graduated high school, and Kotarō has published a book about the Kamen Riders to great success. The Undead have been re-released, and a new trio of Kamen Riders—Glaive, Larc and Lance—have emerged from BOARD, now led by Tachibana. After recapturing two of the Category Aces, Kenzaki and Mutsuki join with the new Riders. When all the Undead are sealed once more, Glaive reveals himself to be the Albino Joker, a white version of the original Joker, and captures Kotarō's niece to obtain the ultimate power, sealing her in the Vanity Card. In order to free Amane from the card, Hajime is unsealed from the Joker Card and the four Riders are again united, intent on saving Amane and stopping the Albino Joker.",1.6685
1081004,The Brave and the Bold,,"The story of Damian Wayne, who was raised as a little murderer and assassin, and Batman's son that he didn’t know existed for the first eight to ten years of his life.",1.5418
551591,HUG! PreCure Futari wa Pretty Cure: All Star Memories,2018-10-27,"A vengeful teru teru bozu-like monster called Miden is stealing all of the Cures' magical powers and memories, turning them into helpless infants, barring Nagisa Misumi and Hana Nono. They must help the affected Cures to regain their abilities and fight off this new menance.",1.8625
528229,The Old Men,2018-02-10,"Captain Justice and his team of great heroes were once the protectors of Cosmopolis and adored by all citizens. After having put in jail their sworn enemy, the Scarman, they décide to put masks and capes in the wardrobe to retire. Now 70 years old Captain Justice is leading a normal life. But this old hero intends to resume service proving to all that his age is not an obstacle!",2.1462
200388,Ninpuu Sentai Hurricaneger vs. Gaoranger,2003-03-13,"Ninpuu Sentai Hurricaneger vs. Gaoranger is the team-up movie between Ninpuu Sentai Hurricaneger and Hyakujuu Sentai Gaoranger. This can easily fit in between after Sixth Spear, Satarakura and Shurikenger's introduction and before Third Spear, Manmaruba's original death and Super Karakuri Beast Revolver Mammoth's introduction. The only continuity error is the appearance of Manmaruba's motorcycle since his later clone was the one who used it in the series.",1.5097
84532,Kamen Rider: Eight Riders vs. Galaxy King,1980-03-14,"When a new threat from outer space called Galaxy King arrives on Earth seeking an equation for a new type of energy, Skyrider, and the other seven Kamen Riders join forces to fight off the new foe and the armies of Neo-Shocker.",1.3345
200770,Ultraman Cosmos 2: The Blue Planet,2002-08-03,"When he returns to Earth to attend the wedding of his friend in Saipan, Musashi meets a beautiful girl named Shau who claims to come from the bottom of the sea. Just then, Monster Scorpis reappears in the sky above the island and Musashi faces the monster in order to protect the girl. What is the girl's true form? And what is the strange shadowy form that follows the monster Scorpis?",1.536
1196162,Samaritan 2,,A sequel to the 2022 superhero film.,1.5427
334137,Shuriken Sentai Ninninger vs. Kamen Rider Drive: Spring Break Combined Special,2015-03-29,"Five flashy Roidmudes seem to be causing a “thick air” event, and when Shinnosuke goes to investigate, turns out the problem was being caused by a yokai. After arresting the red one, Shinnosuke starts interrogating. He claims to be a ninja fighting yokai and that he’ll show Shinnosuke. While this uneven pair squabble, Kyuemon Izayoi and the Roidmudes were putting a terrible plan in progress.",1.691
38956,Kamen Rider Den-O & Kiva: Climax Deka,2008-04-12,"With Kai’s defeat, Ryotaro and the rest of the DenLiner crew resume their time-traveling adventures by founding a detective agency to keep any other surviving Imagin in check. But when a rogue Imagin swipes Owner’s spare Den-O Pass, it’s up to the DenLiner Police and rookie detective Kazuya, along with a little help from another Rider, to stop the evil Imagin and save the past, present, and future!",1.7114
1636927,Hero-Man,,"Adrift in grief, Colby relentlessly pursues the publication of his childhood story as a way to hold onto the brother he lost.",2.1086
436104,Kamen Rider Ghost: The 100 Eyecons and Ghost’s Fateful Moment,2016-08-06,"After chasing the mysterious Kamen Rider Dark Ghost, who had suddenly appeared, Takeru Tenkuji arrives at a strange village full of historical figures. Attempting to gather 100 Eyecons, Alain’s dead brother Argos - Kamen Rider Dark Ghost - wishes to create the Ultimate Eyecon and turn everyone on Earth into ghosts. Meanwhile, Makoto’s father Daigo Fukami is seen in the village. Transforming into Kamen Rider Zero Specter, is Daigo an ally or an enemy?",1.5019
15645,Evil Brain from Outer Space,1966-01-21,An evil brain from outer space unleashes monsters with deadly diseases on Earth with trying to conquer the universe. Superhero Starman must battle them all to save his planet.,1.6887
188089,Pizza Man,2011-06-15,"Matt Burns is many things — loser, dork, pizza delivery boy — but a hero isn't one of them. That is, until he is forced to eat a genetically-engineered tomato that was designed to create super soldiers. A routine pizza delivery turns into a fight for his life, when he accidentally stumbles into the middle of a heated corporate takeover that plans on using this science for world domination. Now, equipped with an indestructible body, advanced strength and a pizza parlor mascot costume, Matt must use his new power to fight evil, rescue the girl and save the day as the unlikeliest of super-heroes: Pizza Man!",1.6483
37986,Kamen Rider Kabuto: God Speed Love,2006-08-05,"In 1999, an enormous meteor crashed onto Earth carrying extraterrestrial creatures known as Worms within it. These creatures took on the identities of real humans and then killed them. In order to counter this new threat, ZECT was formed, who in turn created the Masked Rider System to combat the Worms. The battles lasts over seven years, depleting Earth's resources and turning it into a barren wasteland. By present time, power struggles in ZECT have caused a new group, known as Neo-ZECT, to be created. Souji Tendou, a man weilding the Kabuto Zector, decides to sell his power to either ZECT or Neo-Zect for unkown reasons.",1.8779
657227,Kishiryu Sentai Ryusoulger VS Lupinranger VS Patranger,2020-02-08,"A Gangler remnant, Ganima, captures Tyramigo and the other Kishiryu inside his safe! To save them, the Ryusoulgers engage Ganima in battle, however he starts to use the Kishiryu's own powers against them! Banba and Towa chase after Ganima and come into contact with Keiichiro from the Global Police! Meanwhile, Koh comes into contact with Kairi from the phantom thieves! In order to save the Kishiryu, these three Super Sentai teams will unite! This winter, knights, phantom thieves, and police officers will mix and match to create an amazing battle!",1.5739
196685,8 Man - For All Lonely Nights,1992-06-04,"After Tokyo police officer Yokoda is killed in the line of duty, his chief decides give Yokoda's body to Dr. Tani for use in a secret scientific experiment: Yokoda's brain will be transplanted into a super-powered robot body, making him into an unstoppable policeman of the future. The supercop develops problems, however, when he begins to remember his human past. Then there is the matter of Dr. Tani's other cyborg, who has become a super-powered homicidal maniac.",1.1554
46718,DC Showcase: Green Arrow,2010-09-28,"At an airport, the Emerald Archer must protect a young princess from assassins.",1.5203
456464,Mr. Max Man,2015-10-17,"Masayoshi is a young announcer who has worked at a broadcasting station for 3 years. He is the secondary presenter for a morning information program, but he always makes mistakes. Masayoshi also has a crush on co-worker Yuko, whom he has known since he was a child, but he can't seem to get any closer to her. Masayoshi then puts on a pair of glasses that he finds at work. He realizes the glasses gives him superhuman powers. Masayoshi decides to become a righteous hero.",2.5914
1292260,Time Bender,2018-08-18,"A time-bending superhero is ambushed by his friends who claim he has no superpowers, but rather is a blackout drunk.",2.7239
1649641,Who Killed Kazooboy?,2024-10-31,"After attending a dinner party hosted by some of his former villains, Kazooboy ends up being mysteriously murdered. Now Detective Rome must find out which of the supposedly reformed villains came to the party with ulterior motives.",1.1302
1489728,Team Super,2023-07-27,"Green Guardian and his sidekick Purple Nurple form Team Super a dynamic duo that defends the city from real criminals with the greatest superpower of all, the power of friendship. Unfortunately their unconventional methods lead them to the wrong side of trouble.",1.6903
586154,Kamen Rider Fourze Special Bonus DVD: Astroswitch Secret Report,2012-06-01,"The DVD is set before the Hyper Battle DVD, and features the content normally found in the Hyper Battle DVD (explaining the powers and weapons of the Kamen Riders), explained as Tachibana, with Ryusei and Gentaro's help, gathers the data of the 40 Astroswitches to find out what and where the mysterious mass of Cosmic Energy is.",1.3684
150425,Futari wa Precure Max Heart Movie 2: Friend of Yukizora,2005-12-10,"On his way to visit the Queen of the Garden of Light, the Sage of the Garden of Clouds accidentally drops the egg of the Houhou. The egg lands in the Garden of Rainbows, where it is found by Hikari, attracting the attention of a powerful pair of servants of the Dark Lord.",1.6659
100278,Madame X,2010-10-07,"Threatened by Kanjeng Badai and his militant and homophobic political party, a country's safety depends on Adam, a hairdresser.",2.0446
103675,Model by Day,1994-03-21,Lady X is a woman who works during the day as a model but turns into a fighter for justice at night with the help of her karate master Chang.,1.9577
1103845,Kamen Rider Jeanne & Kamen Rider Aguilera with Girls Remix,2023-03-08,"When a mysterious electro-wave human runs rampant through the city, the various women of the Kamen Rider universe gather together to stop her. But what does this attacker want? And is she connected to the letter Hana receives claiming to be from her true family? A movie version of the TTFC mini-series Kamen Rider Jeanne & Kamen Rider Aguilera with Girls Remix.",1.2414
76420,DC Showcase: Catwoman,2011-10-18,Catwoman attempts to track down a mysterious cargo shipment that is linked to a Gotham City crime boss called Rough Cut.,1.5448
635339,Kamen Rider Reiwa: The First Generation,2019-12-21,"12 years ago, the Daybreak Town Accident changed the world and brought forth a new prosperity towards artificial intelligence. But what if that were to all change?  Sougo Tokiwa gave up his conquest for power after he chose to reset the world and live a mundane life. However as a Time Jacker began to alter history once again, Sougo is forced to take up the mantle as Kamen Rider Zi-O once again, as he meets Aruto Hiden, the native Rider of the world he has to save.  This is the story of two Kamen Riders from two different worlds, whose fight together will ultimately determine the fate of all reality.",1.6915
1387029,Northerner,2024-11-11,"Northerner is a short super-hero film. The style and premise make it a 'street level' story because the characters have no supernatural powers, but still deal with - or create - exceptional real-world problems. Northerner has three principal characters, Shane, Northerner, and Kate. Shane is a thief, who embraces his evolution into a super-villain. Kate has a reputation as a dirty cop and is bound by Shane to her past. Northerner is the catalyst who confronts both Shane and Kate with the opportunity to change the course of their lives.",1.9501
1073813,Kamen Rider Geats: 4 Aces and the Black Fox,2023-07-28,"Has the world suddenly split into four? Keiwa Sakurai, Neon Kurama, Michinaga Azuma, and Tsumuri are flung into different worlds. And for some reason, a different Ace exists in each of the four worlds. The cause seems to be from the ""World Doomsday Game"" started by the staff from the future. In light of this crisis, the mysterious Cross Geats appears. Just what will happen to Ace and his friends?",2.2381
416280,Kamen Rider #1,2016-03-26,"45 years ago, a man was subjected to the experiments of the secret organization Shocker and became a cyborg. Since that day, the man's sole mission has been protecting humanity and justice from the threat of Shocker. His name is Takeshi Hongo, the first Kamen Rider. After a long battle overseas, Hongo hears a certain girl is in danger and immediately returns to Japan. He then meets Takeru Tenkuji, Kamen Rider Ghost, who had been investigating the girl's whereabouts.",1.6153
145961,The Arctic Giant,1942-02-27,"A frozen Tyrannosaurus rex is found and put on display in a museum, but when he thaws out and revives, Superman has to stop his rampage!",1.5977
167693,"Kamen Rider Fourze The Movie: It’s Space Time, Everybody!",2012-08-04,"The Earth is threatened by the mysterious Space Ironmen brothers, and the Kamen Rider Club goes to the space to avoid them to be awakened. However, an agent of the  Alicia Federation, Inga Blink, tries to stop them. Kamen Rider Forze and Meteor fight for the destiny of the Earth and for the friendship of all beings.",1.6105
244888,Jack Kirby: Story Teller,2007-06-05,"A documentary on the life of Jack Kirby, co-creator of Captain America, The Fantastic Four, Iron Man, Thor, The Avengers, The Hulk, The X-Men and the New Gods, among other classic comic book superheroes.",1.3573
378676,Kamen Rider Drive: Surprise Future,2015-08-08,"After witnessing a strange explosion, Shinnosuke Tomari is later visited by a young man claiming to be his son Eiji Tomari from the year 2035. Eiji warns Shinnosuke that a year from now, Mr. Belt's AI will go berserk and lead to the Roidmudes overtaking humanity. However, Shinnosuke cannot immediately deal with this new information when the evil Kamen Rider Dark Drive also comes from the future, causing enough mayhem that leads to Shinnosuke being framed for it and becoming the public's most wanted.",2.6296
516700,Gundala,2019-08-29,"Sancaka has lived on the streets since his parents left him. Living a hard life, Sancaka survives by thinking about his own safety. When the condition of the city gets worse and injustice rages throughout the country, Sancaka must decide whether he continues to live to look after himself or rise to become their oppressed hero.",1.9406
106583,Chase Me,2003-10-21,"While escaping a dull party, Bruce Wayne finds Catwoman robbing a vault and gives her the chase of her life as Batman.",1.6799
313605,The Rapeman 3,1994-06-03,"Keisuke is a timid and nerdy high-school teacher by day, and a leather clad rapist ""superhero"" by night. One day, one of Keisuke's students is found dead, and her death is ruled an accident. Keisuke and the girl's mother don't believe her death to be accidental – and upon investigation, Keisuke and Uncle Shotoku unknowingly delve into an underground world of shady cops, scummy drug dealers, corrupt teachers, and a rape-porn ring. Of course, with Rapeman's upstanding moral values, he must do something to avenge the young student's death, bring down the criminals and right wrongs through penetration!",1.972
153577,Yes! Precure 5: The Great Miracle Adventure in the Country of Mirrors,2007-11-10,"While Nozomi and her friends are enjoying themselves at Princess Land, an amusement park, Coco and Nuts have been abducted into the Mirror Kingdom. At the same time, Shadow is after the Dream Collet so that he can use the power of the Pinkies to rule the Mirror Kingdom. To prevent this from happening, Migirin and Hidarin, who are residents of the Mirror Kingdom, become allies with Pretty Cure to assist in the fight against Shadow and rescuing Coco and Nuts.  Source: Wapedia",1.7626
624653,Thunderbolts and Lightning Strikes,2019-06-21,"The Lightning Woman can move at supersonic speed and teleport, watching over the city and its inhabitants. But, to face everyday life, sometimes superpowers are not enough.",1.3339
850367,Tropical-Rouge! Precure: The Snow Princess and the Miraculous Ring!,2021-10-23,"One day, the Tropical-Rouge Pretty Cure receive an amazing invitation from the Land of Snow, Shantia. They're holding a ceremony to celebrate Sharon becoming the new queen. They all depart to the sparkling world of snow. Laura, who wants to be the queen of the Mermaid Kingdom, befriends Sharon who gives her a beautiful ring. But just as they decide to keep a promise, a mysterious monster suddenly appears and locks everyone inside of the kingdom. When it seems like all hope is lost, the Heartcatch Pretty Cure team rush in and give them all a boost of motivation. And when their feelings become one, the ring transforms into the Snow Heartful Ring...",1.3001
1407335,BLACKOUT,2024-12-05,A boy is making himself a bowl of soup when he suddenly discovers that his brother is a superhero and that his father is alive. What is going on?,1.6374
403333,DC Super Hero Girls: Super Hero High,2016-03-19,"School is in session for DC Super Hero Girls! This is where students master their super powers, brain power, and will power to become the Super Heroes of tomorrow. When Supergirl crash lands into the cafeteria, it's evident that though she has incredible power, she has a long way to go before she becomes a Super Hero. As Supergirl learn to harness her powers, the Junior Detective Club investigates a mysterious rash of security breaches. Could it all be because of reformed Super-Villain and Super Hero High Vice-Principal Gorilla Grodd - or something far worse?",1.4717
200412,Mahou Sentai Magiranger the Movie: Bride of Infershia,2005-09-03,Kai and the Magiranger travel from the heights of Magitopia to the depths of Infershia in order to save Yamazaki from becoming the bride who releases a Hades Beastman's phantom army!,1.7318
620284,"Geek, and You Shall Find",2019-07-23,"After attending a local comic book convention, three filmmakers are so moved by the stories shared with them by cosplayers that they decide to investigate geek culture even further. Attending other conventions across the country and speaking with legendary creators such as Kevin Eastman, Stan Lee and George R.R. Martin, the trio not only begins to find answers to why people gravitate towards superheroes and stories about superheroes, but how being a geek could help them live deeper, richer lives. Geek, and You Shall Find tells the stories behind the creation of several popular stories including Superman, Star Wars, Game of Thrones and the Teenage Mutant Ninja Turtles. In sharing how these characters and their worlds came to be, creators reveal how often they have been inspired by real-life social ills. Most importantly, by continuing to speak with fans who have been inspired by these creations, this film reveals how superheroes have the potential to combat these social issues as well.",2.1372
44004,Hero at Large,1980-02-08,"An idealistic but struggling actor finds his life unexpectedly complicated when he stops a robbery while wearing the costume of Captain Avenger, a superhero character of a film he is hired to promote. He decides to dabble at being a superhero only to find that it is more difficult and dangerous than he ever imagined.",1.6881
433810,Kamen Rider Heisei Generations: Dr. Pac-Man vs. Ex-Aid & Ghost with Legend Riders,2016-12-10,"As a computer virus based on Pac-Man invades Japan, a group of doctors attack Genm Corp and begin a wave of terror using stolen Proto Gashats. Ghost and Ex-Aid find themselves at the center of the fight in an effort to protect those most important to them. But they aren’t alone, as Heisei Riders from the past join them to stop Dr. Pac-Man!",1.621
99678,The Magnetic Telescope,1942-04-24,"When police interfere with a reckless scientist's experiment, it creates a deadly meteor shower only Superman can stop.",1.2606
622230,LEGO Marvel Spider-Man: Vexed by Venom,2019-08-03,"Thanks to Green Goblin and Venom, tech theft is now at an all-time high. Can our Friendly Neighborhood Spider-Man put an end to their mysterious villainous scheme before all of New York City is destroyed?",1.5438
356234,Vertigo,2013-12-25,,1.6564
40844,Comic Book Confidential,1989-06-14,A survey of the artistic history of the comic book medium and some of the major talents associated with it.,1.545
1076474,Firemax,2017-02-15,A superhero becomes bored with the lack of crime in his town.,1.5929
1068602,SSSS.GRIDMAN Grand Episode,2023-01-20,"Yuuta Hibiki wakes up in the room of Rikka Takarada and notices two things: he has no memories, and he can hear a mysterious voice calling his name from a nearby room. On further inspection, he finds a robot—which introduces itself as Hyper Agent Gridman—behind the screen of an old computer. Much to Yuuta's surprise, Rikka cannot hear Gridman, nor can she see the ominous monsters looming over a thick fog as it envelopes the town outside.  Another giant monster materializes in the city and proceeds to wreak havoc. Amidst the confusion, Yuuta is once again drawn to the old computer and merges with Gridman. Suddenly, he appears in the middle of the battle and is forced to fight the monster. Together with Rikka and fellow classmate Shou Utsumi, Yuuta forms the ""Gridman Alliance"" to defeat the monsters plaguing the city and find whoever is responsible for their emergence.",1.6439
26623,Generation X,1996-02-20,A group of young mutants--humans with a genetic variation that gives them superpowers and makes them feared by the population at large--begin training at a school for heroes. Their studies are interrupted when they must rescue one of their number from a mad scientist who can enter others' dreams.,1.7406
562429,The Power Within,1979-05-11,"A prospective about a daredevil flyer, barnstorming for county fairs, who becomes a human dynamo after being struck by lightning and is menaced by enemy agents determined to find out the secret of his incredible powers.",1.7656
317464,Volta,2004-06-23,"Legend has it that once every 100 years a superhero with the powers of lightning shows up to save mankind from the forces of evil. It is believed that if a person gets hit thrice by lightning and lives to survive another day, he shall be the chosen one. Perla is a dressmaker who lives and works for her siblings, Percy and Penny. After being hit by lightning thrice, Perla discovers that she has developed superpowers: she can generate heat and electricity with her hands, and lightning flashes come out of her hands. With these superpowers, she becomes famous as the superhero, VOLTA.",1.8693
438741,Being Batman,2017-01-30,"Ryan Freeman’s profile documentary, Being Batman, gives us a tiny glimpse into the life of Stephen Lawrence—a man who has self monikered himself the “Brampton Batman.” Lawrence, dressed as the iconic hero, ventures out at night to patrol the city streets. He’s a real-life Bruce Wayne, complete with an outfit and arsenal that would make any cosplayer green with envy.",1.4361
936406,Kamen Rider Den-O: Final Trilogy Special Edition,2008-07-21,"When Kai begins a multi-tier attack in order to eliminate Airi, both Ryotaro and Yuuto try to stop him, with a Imagin deciding to help in trying to make sure that the past and future is protected...  Special director's cut edition of episodes 47-49 of Kamen Rider Den-O.",1.3628
566057,Lupinranger vs Patranger vs Kyuranger,2019-05-03,"The story begins when the Lupinrangers, Kairi, Touma, and Umika, are kidnapped by someone mysterious. The Patrangers are then tasked with an Abduction Case to find the missing thieves, where they run into the Kyuranger team as they pass through space. Just who exactly kidnapped them? And why did the 12 Kyurangers return to space?",1.5352
285650,Pretty Cure All Stars New Stage 3: Eternal Friends,2014-03-15,"""Pretty Cure All Stars New Stage 3:  Eternal Friends"") is the sixth of the Pretty Cure All Stars crossover movie series featuring all current Pretty Cure characters and the last of the ""New Stage"" film.",1.56
210286,Super Kamen Rider Den-O Trilogy - Episode Red: Zero's Star Twinkle,2010-05-22,"With the older Sakurai having sacrificed himself to ensure Airi’s future, Yuuto struggles with his own role in their story. Despite being told that he is no longer bound to his future, Yuuto finds himself continually drawn to Airi, and when another man contracts with an Imagin to woo her, Ryotaro and the Imgain are pulled into the situation, all while the DenLiner runs out of control through time!",1.5398
1663363,The Making of 'The Incredible Hulk',2008-10-21,Documentary on the production of the 2008 film 'The Incredible Hulk'.,1.7515
210290,Super Kamen Rider Den-O Trilogy - Episode Blue: The Dispatched Imagin is Newtral,2010-06-05,"When Ryotaro and Momotaros are injured in a fight with an Imagin, Kotaro, Kamen Rider New Den-O, and his Imagin partner Teddy return to help solve the case of a stolen ticket and the mystery of a young woman’s doppelganger! But Owner shatters their partnership when he creates a new contract with Teddy, as the Mantis Imagin rampages! Can Kotaro overcome his loss and discover the truth behind the two Mikus?",1.3677
49608,Zebraman 2: Attack on Zebra City,2010-05-01,"A post-apocalyptic humankind in 2025 finds a hero in the form of Zebraman. But the Zebra Queen steals his powers, making him lose his ability to survive Zebra Time. But he wants his powers back.",3.7393
1467486,You and Idol Precure♪ the Movie For You! Our Kirakilala Concert!,2025-09-12,"""You and Idol Precure♪"" will appear at the ""No.1 Universe"" Idol Festival!  What is the secret hidden on the mysterious island...?  One day, Uta and her friends are invited by the coral fairy, Totto to appear in the ""Super Miracle Idol Festival"" held on a mysterious island called AiAi Island!  In a hu~ge venue, many different idols, including robots and animals, gather♪  The biggest idol festival in the universe is about to begin! Or so they thought...?  Suddenly, a mysterious monster appears, and AiAi Island and the world are caught up in a crisis...  And what's more, they've been transported back in time!?  The clue to saving them from this crisis is hidden in the legend of the island's goddess and the mysterious idol-hating girl Tera, whom they met on the island...?  That's not all! ""Wonderful Precure!"" and ""Soaring Sky! Precure"" will also be rushing over to AiAi Island!  C'mon! Sing, dance, and please the crowd - a kirakiLive concert is about to begin!☆",1.4955
992406,Kamen Rider Revice the Movie Spin-Off: Birth of Chimera,2022-07-22,"The origin story of Nozomu Otani, a young man who inherits the powers of Kamen Rider Chimera from his friend Ryu Mukai. This special serves as a prequel to the events of Kamen Rider Revice: Battle Familia.",1.3383
380764,Valentine,2017-11-23,"A cafe waitress with dreams of stardom becomes an unexpected vigilante, fighting to save Batavia City from rampant crime.",1.8685
737529,Strega,2019-03-09,"Japan’s government has enacted federal restrictions on superhero activity through special ID cards developed by tech conglomerate, Vector, for monitoring and tracking. Soma Kusanagi, a part-time superhero and full-time social miscreant, has become a tester for Vector’s latest model of super suit. With this technology, Soma can transform into the Variable Combat Soldier, Strega, the latest in villain-bludgeoning power!  In the midst of his deviant escapades, a shadowy plot to turn the whole of society into monsters is taking shape! Unless his libido isn’t kept in check, Soma and new partner, Sayuri, must uncover and stop this mysterious plot before it’s too late!",1.4931
393528,Go! Princess Precure The Movie: Go! Go!! Gorgeous Triple Feature!!!,2015-10-31,"Go! Princess Pretty Cure: Go! Go!! Gorgeous Triple Feature!!! is the 12th Pretty Cure movie produced by Toei Animation.  The movie was released in Japanese cinemas on October 31, 2015. It consists of 3 features; A Precious Treasure of Pumpkin Land, Lefy's Wonderful Night, and Cure Flora and A Mysterious Mirror.",1.7259
350175,COMIX: Beyond the Comic Book Pages,2015-12-31,"COMIX is a feature documentary on comic books, the comic book world, and the phenomenon surrounding them. It is told through the thoughts and images of some of the greatest talent in the comic book industry like Stan Lee, Frank Miller, Neal Adams, Mark Waid, Marc Silvestri, and John Romita Jr., among many others. COMIX also has tons of interviews with the fans, many in full costumes, as they share their love for the art form, and who have made comics the phenomenon that it is today.",1.355
592688,Marvel Rising: Operation Shuri,2019-10-11,"The lives of the Secret Warriors are turned upside down when faced with their latest mission: hang out with Shuri, the Crown Princess of Wakanda, and show her what it’s like to be an ordinary teenager. But nothing’s ordinary when you’re dealing with one of the smartest and most famous people on the planet.",1.5803
29055,Sting of the Black Scorpion,2002-11-06,"Cop by day, masked crusader by night, the fearless and sultry Black Scorpion must protect the City of Angels from a deadly trio of villains... the prosthetic machine gun Firearm, the time-controlling Clockwise, and vision-stealing Flashpoint.",1.4373
526464,Pretty Cure Super Stars!,2018-03-17,"Hana, Harry, and Hugtan waiting in front of some train tracks for Saaya and Homare. At the same time, Saaya and Homare are trying to get through the train station. The theme song then plays over a montage of Hana waiting and the former. As the story progresses, Hana meets the Kira Kira Cures after Hugtan decides to wheel away on a trolley wheeler. They eventually stop Hugtan.",1.3558
1242019,Overpowered,2023-08-06,"Six would-be superheroes confront the realities of adult life. Juggling rent, failing friendships and the gig economy, will our heroes finally “make it big”, or will their powers go to waste?",1.4283
583911,2050,2019-03-01,A family man struggling to hold it all together discovers a parlor that offers a solution...sexbots.,1.4706
586510,Kamen Rider Kuuga Super Secret Video: Kuuga vs. the Strong Monster Go-Jiino-Da,2000-08-27,"Yusuke Godai awakens from a nap at the Pore Pore Tea Cafe and finds a scrapbook with newspaper clippings about his battles as Kuuga. As he reminisces about each fight, gaining each of his forms and the Gouram attachment for the TryChaser, Godai gets a call about a new Gurongi. Godai heads over and transforms into Kuuga to face off against the beast who introduces himself as Go-Jiino-Da!",1.442
86841,Black Panther,2010-01-18,"Black Panther is the ruler and protector of the African nation of Wakanda. Using technology, wits, and extraordinary fighting ability he must protect his nation from an invasion led by Ulysses Klaw, the man who killed his father.",1.5652
1305155,Bakuage Sentai Boonboomger GekijoBOON! Promise The Circuit,2024-07-26,"The Boonboomger collaborates with popular YouTuber HIKAKIN on a shoot at a racing circuit that Taiya purchased. But when Princess Nicola Keydoor of planet Trickle who escaped from her home planet to Earth suddenly appeared, the Boonboomgers are now involved in a major incident that shakes the peace of planet Earth! This is Boonboomger's biggest mission yet!",1.3517
485805,Kamen Rider Ex-Aid Trilogy: Another Ending - Kamen Rider Genm VS Lazer,2018-03-03,"Final installment of the V-Cinema Kamen Rider Ex-Aid Trilogy: Another Ending will focus on the characters of Kuroto Dan (Kamen Rider Genm) and Kiriya Kujo (Kamen Rider Lazer). Genm has awoken! Kuroto Dan has obtained the God Maximum Mighty X and the world falls into the chaos that is Zombie Chronicle. Kiriya has found the key to face the power that not even Muteki can overcome and after receiving a certain message from Masamune, he faces Genm. What will become of these two and of the world?",2.2158
504091,The Clam,2015-05-26,"In the sequel to ""People in Tights"", we follow newly minted her The Clam through the stages of his training as he begins to deal with the consequences resulting from his newfound fame.",1.3325
757541,Uchu Sentai Kyuranger: Final Stage,2017-12-06,"Annual Super Sentai stage show featuring the cast and characters from the 41st Super Sentai, Uchu Sentai Kyuranger (Space Squadron Kyuranger).",1.1217
846720,Kamen Rider Specter × Blades,2021-06-27,"Serving as a sequel to Kamen Rider Saber × Ghost, Rintaro joins forces with both Makoto Fukami and Kanon Fukami to take down the remnants of Danton's evil forces.",1.3036
791346,DC Showcase: Blue Beetle,2021-07-27,"SUFFERIN' SCARABS! Silver Age Blue Beetle is back! Thrill to the adventures of Ted Kord, alias the Blue Beetle, as he teams up with fellow Charlton Comics heroes Captain Atom, The Questions and Nightshade to battle the nefarious finagler of feelings, Doctor Spectro!",1.6482
139717,Ultraman Saga,2012-03-24,"Ultraman Saga opens with a powerful apocalyptic vision of Tokyo, buildings destroyed and the city seemingly devoid of life. We are soon introduced to the Earth Defense Force (EDF), Team U (played by members of the female idol group AKB48). They and a group of young children and the last survivors on planet Earth after the world was invaded by the evil Alien Bat, the rest of the human population having been abducted.",1.5755
637663,DC Showcase: Death,2019-10-22,"Vincent, an artist with unresolved inner demons, meets a mysterious girl who helps him come to terms with his creative legacy… and eventual death.",1.6451
573989,Kamen Rider Amazons Season 2 the Movie: Reincarnation,2018-05-12,"Reincarnation is the second of two theatrical compilation movies that preceded the release of ""Kamen Rider Amazons: The Last Judgement"" feature film. Reincarnation compiles the events of Season 2, it's been five years since the conclusion of season 1, the existence of the Amazons has become public knowledge, putting Nozama Pharmaceutical out of business. In their place is 4C (Competitive Creatures Control Center), a new government organisation tasked with hunting down and containing the Amazons threat. However, the Amazon Cells have mutated into a strain capable of infecting humans, transforming victims into insane and bloodthirsty monsters.",1.8328
235343,Kamen Rider × Super Sentai × Space Sheriff: Super Hero Wars Z,2013-04-27,"A new evil organization known as Space Shocker, which are led by the magic-using Space Ikadevil and Space Spider Man, threatens the Earth by causing an unknown phenomenon. The Space Sheriffs Gavan type-G and Sharivan are sent to execute all magic-users on Earth in response to the threat and begins to attack Kamen Riders Wizard and Beast. The Space Crime Syndicate Madou, who were once defeated by the original Sharivan return, to cause even more havoc in the world. During this, Yoko finds a mysterious little robot called Psycholon, which Space Shocker and the Madou are after for unknown reasons.",1.6951
1147403,Miraculous World : Rio de Janeiro,,,1.4751
203102,Springman and the SS,1946-12-20,"The first animated picture made by Jiří Trnka for adults. It is a comic story of a legendary chimney-cleaner who, with the help of a spring from an old lounge-chair, became the terror of the Prague-occupying SS troops in World War II.",1.3837
844041,Kaizoku Sentai: Ten Gokaiger,2021-11-12,"Ten years have passed since the defeat of the Zangyack Empire, and the Gokaigers have seemingly disbanded and gone their separate ways. On Earth, “Super Sentai Derby Colosseum” has become the hottest gambling venue ever, with various Super Sentai battling each other for charitable causes. Suddenly, Captain Marvelous appears, issuing a challenge to the Colosseum’s administration and those who work for them... including Gai Ikari!  Is it the Gokaigers or the people of Earth who have changed in the past ten years? And what of  Joe, Luka, Doc, and Ahim? After ten years, an extraordinary battle is about to begin…",1.6594
1033171,Defenders of Dynatron City,1992-02-22,"Made-for-TV special about a delivery man, his friends, and a talking ape mutating into quirky superheroes and fighting a mad scientist who wants to conquer their futuristic atomic city. Based on the eponymous NES video game.",1.529
220848,Ultimate Wolverine vs. Hulk,2013-09-09,"Following Hulk's murderous rampage through Manhattan, Dr. Bruce Banner was sentenced to execution, bringing an end to The Hulk . Or did it? When reports of a mysterious creature start creeping in from around the world, Nick Fury starts to get suspicious. Not only is Fury worried about Banner's rage turning him into an unstoppable monster, but his existence is the one secret that can bring down Nick Fury! Turning to the only man he can trust, Fury enlists Wolverine to help, and Wolverine is glad to take down Banner by any means necessary!",1.3252
200419,Kyuukyuu Sentai GoGoFive vs Gingaman,2000-03-10,The team-up between Kyuukyuu Sentai GoGoFive and Seijuu Sentai Gingaman. Its footage was used in the Power Rangers Lightspeed Rescue episodes Trakeena's Revenge parts I & II.,2.7706
106637,Hanuman and the Five Kamen Riders,1975-03-15,"With an unquenchable thirst for the blood of virgin women, the wicked King Dark enslaves the brilliant Thai scientist Dr. Wisut to create an army of monsters to put an end to the chivalrous efforts of the cyborg warrior Kamen Riders. When their efforts fail, can the Hindu god Hanuman help? Semi-official Thai/Japan co-production between Chaiyo and Toei. Toei allowed the usage of the Five Riders vs. King Dark film while Chaiyo forgot to license the characters out (Source: Dubbing Wiki).",1.4404
212258,Kamen Rider W Returns: Kamen Rider Accel,2011-04-21,"While settling into married life with Akiko, Ryu is brought into a case  involving a woman named Katsuragi Aoi, a member of a pickpocketing ring with most of her teammates murdered from unknown masked vigilantes that Ryu fought as Accel. As the details of the case begin to unravel, Ryu is framed and Akiko believes that he may not be faithful to her. As the clock ticks down, Ryu must solve the case, clear his name, and save his marriage before everything comes to an explosive end!",1.5637
126712,Superman,1948-07-15,Superman comes to Earth as a child and grows up to be his home's first superhero with his first major challenge being to oppose The Spider Lady.,1.423
506648,Go Go Kamen Rider,1971-07-18,"The Shocker Organization sends two of its Inhumanoids to destroy an atomic plant, but their plan is foiled by an invisible barrier that surrounds the complex. Because of this, they abduct a top soccer player and convert him into Tokageron, a lizard Inhumanoid capable of kicking a 5 kg bomb to destroy the plant's barrier. Kamen Rider must once again combat the Shocker and prevent them from destroying the atomic plant.",1.1168
267046,Kikaider Reboot,2014-05-24,"In the near future, the brilliant Dr. Komyoji is enlisted to lead the ARK Project—a scientific endeavor dedicated to forging a brighter tomorrow through robotics. However, the doctor’s mysterious death puts those plans to an abrupt hold... Not long after, the grieving Komyoji children wander into the crosshairs of a black ops squad on the hunt for their father’s research. But from within the cross fire emerges Jiro—a bleeding-edge android programmed to protect the siblings! Now on the run, the Komyojis soon discover their father’s once hopeful ambitions have taken a DARK turn...",1.3654
834733,Kamen Rider Saber × Ghost,2021-05-23,"Touma and Mei find a girl who is looking for her brother. When they try to talk to her, she is attacked by Desast and runs away. Why is Desast after her? Meanwhile, as he’s looking for Kanon, Takeru Tenkuji finds survivors of Danton’s experiments and vows he won’t let them be sad like Chloe was. When he goes off to look for more survivors, he runs into Touma and Mei…",1.2548
636963,Star☆Twinkle PreCure the Movie: Wish Upon a Song of Stars,2019-10-19,"One day, a mysterious creature suddenly appeared from within Lala's gummy case! Their name was... UMA, I think? Ah, don't be scared, everything will be okay! Nice to meet you, UMA! Twincool~☆ And just like a shooting star, we were whisked away to a faraway place!? Is this UMA's powers ~lun? What sort of creature are they ~lun? Because they can't communicate through words, it seems UMA really likes ""The Shooting Star Song"" ~lun♪ It's nice getting along with each other through music ~lun♪ But one day, a mysterious alien hunter appeared...oh no! Is it possible that they're after UMA ~lun!? If that's the case, then the universe and Earth are in danger! Let's all protect UMA together! Be sure to support us as we sing ""The Shooting Star Song"" which connects us with UMA!!",1.225
389165,Code 8,2016-03-22,"In Lincoln City, 4% of people have extraordinary abilities. Most live below the poverty line, under the close surveillance of a heavily militarized police force. Taylor, a construction worker with powers, is forced to fight after committing a misdemeanor…",1.3516
1483549,Bakuage Sentai Boonboomger formation lap: Settlers of the Galaxy,2025-07-13,"Before Sakito and Byun Diesel return to Earth as seen in Bakuage Sentai Boonboomger's 16th episode, ""Purple Settler"", we witness this universe-spanning tale of the Settler duo, Sakito Homura and Byun Diesel, before their return to Earth after over a decade of absence.",1.3544
106926,Gagamboy,2004-01-01,"An accident at a pharmaceutical lab turns the mild-mannered and unassuming Junie, an ice cream vendor, into a superhero. Junie finds out that being strong and admired can also have its downside.",1.6424
1715369,Sidekicks,2026-07-03,Two best friends debate what should be done with their newly acquired superpowers.,1.5978
566960,Bakerman,2020-03-17,"The award-winning Nordic Noir from writer/director David Noel Bourke.  Jens has accepted far too much for too long. Being the shy night-owl he is, he keeps to himself, but the world will not let him be. The new master baker's quality starts slackening, and when a bunch of yobs one day smash the window of Jens's car, he takes one of them out. Intoxicated by his own new unexpressed vigour, Jens comes out of his shell, but the destructive driving force leads him towards a free fall.  + WINNER! BEST MALE ACTOR (Mikkel Vadsholt) at NIFF  + WINNER! BEST OF YEAR at Oniros  + WINNER! BEST FOREIGN FEATURE FILM - MARYLAND INTERNATIONAL FILM FESTIVAL  + Nominated for Méliès d’Argent AWARD  ""BAKERMAN is a Nordic ""Falling Down"".  A film that is as shocking with its vigilante story as it is captivating with its determination...."" - CPH:PIX Film Festival",1.7004
267962,Happiness Charge Precure! the Movie: Ballerina of the Doll Kingdom,2014-10-11,"While performing a puppet show at a nursery, the HappinessCharge Pretty Cures are surprised when one of the dolls starts talking. “Save our kingdom!” Tsumugi, the ballerina doll, pleads. The Pretty Cures accompany Tsumugi to the land of dolls, a girls’ paradise of cute stuffed animals, talking dolls, music and dance ruled by the noble Prince Zeke. But the kingdom is under attack by the forces of Black Fang, a mysterious man who wants to conquer the land for his own nefarious purposes. As sorrow spreads throughout the Kingdom of Dolls, the Pretty Cures come to the rescue.",1.3347
894489,Kamen Rider OOO 10th: The Core Medals of Resurrection,2022-03-12,"The year is 2021 and the world is in a state of chaos and fear. The ancient king OOO has come back to life after 800 years of dormancy. As the Kougami Foundation mounts a human resistance, Eiji Hino returns to Japan, believing he has at last found the means to revive the Greeed Ankh...",1.3839
1426686,Superordinary,,A housewife attempts to slow down her wife to share some superordinary news.,1.488
20177,Super Capers,2009-03-20,"Would-be superhero, Ed Gruberman, who possesses no super powers must join a team of misfit heroes-in-training known as The Super Capers. Having only faith, Gruberman must travel through time to uncover an evil plot involving some gold bullion, a fiery femme fatale, and a criminal mastermind with a dark secret about Ed's past.",1.7895
36657,X-Men,2000-07-13,"Two mutants, Rogue and Wolverine, come to a private academy for their kind whose resident superhero team, the X-Men, must oppose a terrorist organization with similar powers.",1.3429
935964,Kamen Rider Fourze: FINAL EPISODE,2013-02-21,"Kamen Rider Fourze: FINAL EPISODE is the director's cut version of the combined episodes 47 & 48 with an additional audio commentary from Ryuki Takahashi, Fumika Shimizu, and director Koichi Sakamoto. It was released on DVD and Blu-ray on February 21, 2013.",1.1214
962939,Tin Tin,2022-04-15,"You loved Reservoir Dogs. You cheered for Reservation Dogs. Now get ready for Preservation Dogs.  Local Hong Kong teenager Kent might be out of a job, but he has more important duties at hand. Called to rescue stray dog Tin Tin, Kent realizes he must navigate the treacherous underworld of rooftop gangsters, femme fatales and cable wires if he is to track down his elusive canine friend.",1.1952
50056,Secret Origin: The Story of DC Comics,2010-11-09,"A look at the history of the comic book publication that launched such legendary characters as Superman, Batman and Wonder Woman.",1.4236
315022,Pretty Cure All Stars: Spring Carnival,2015-03-14,"Pretty Cure All Stars: Spring Carnival is the franchise's seventh crossover film in the series, released on March 14, 2015. The movie is in 3D. It is the first feature-length Pretty Cure film to feature extended dance scenes, similar to the 2011 short film Pretty Cure All Stars DX: 3D Theatre. Like the six previous films, the film will feature the characters from all Pretty Cure television series. In the story, the Pretty Cures visit Harmonia, the country of songs and dance. But when the unknown, sinister creatures invade and interrupt its tranquility, the Cures reunite to protect against the destruction.",1.3318
1033702,MacCumhaill,2017-02-23,MacCumhaill is a tale of a vigilante who assumes himself to be the reincarnation of the mythical Fionn MacCumhaill. He is obsessed and convinced that modern day Ireland is completely over run by crime and violence and will do anything he can to stop this trend continuing.,1.3538
869343,Kamen Rider Saber: Trio of Deep Sin,2022-02-18,"Eight years after the battle for the Book of Omniscience, the peaceful lives of Touma, Rintaro, Mei and Kento are troubled by a mysterious new Falchion who can seemingly erase people from existence altogether!",1.3202
57869,Pretty Cure All Stars DX2: The Light of Hope - Protect the Rainbow Jewel!,2010-03-14,"Tsubomi Hanasaki is woken by her best friend Erika Kurumi only to find out that their two fairies, Coffret and Shypre, have left just leaving a note explaining where to find them. Fairy Park is not only the destination of both girls, it is also the meeting point of all other Precures who planned to spend this special day together. This magical theme park holds the Rainbow Jewel, a special gem that represents all of the hopes and dreams of the world. Such a powerful stone is the object of desire of a malefic entity named Bottom who has waited one thousand years for the opportunity to possess it.",1.5802
83758,Duck Dodgers and the Return of the 24½th Century,1980-11-20,Duck Dodgers finds Marvin Martian's hideout. Also features Porky Pig and Gossamer.,1.1507
863956,Turtles Take Time (and Space),2016-07-22,The Turtles discover an artifact that sends them through time and space.,1.2418
743258,Thunderer,2019-02-17,A six year old Indigenous girl discovers she has super human powers.,1.3315
588687,Ultraman vs. Kamen Rider,1993-07-21,"A special retrospective of the two franchises, with segments making comparisons between the different characters, their weapons, powers and so forth. The final segment of the special is the short film ""Super Battle: Ultraman vs Kamen Rider"" The main characters, Ultraman and Kamen Rider 1 appear on the scene separately, each fighting an original kaijin and kaiju. When the two monsters are nearly defeated, they merge into a more powerful kaiju. Ultraman experiences trouble and calls for Kamen Rider 1's help. Kamen Rider 1 is then able to grow to enormous size to fight alongside Ultraman.",1.4353
1730642,Captain America: The Origin of Captain America,1985-11-04,"Captain America is finally here in his own animated short film! The story the America people have been waiting for--how a weaking named Steve Rogers became a super-human Super Hero, why young Bucky Barnes became his partner, and the incredible, unforgettable battle against the evil Red Skull!",1.2647
1277668,Ohsama Sentai King-Ohger Final Three Episodes TTFC Special Version,2024-04-28,"The director's cut version of the final three episodes of the Ohsama Sentai King-Ohger TV series, recut into one movie with 10 minutes of unreleased scenes added in.",1.454
984841,Hyakujuu Sentai Gaoranger Super Video: Showdown! Gaoranger vs. Gao Silver,2001-10-01,"The five GaoJewels of the Gaorangers are pulled into the Holy Spring. GaoSilver appears and his GaoJewel also flies into it. He challenges the five Gaorangers, wanting them to tell him what the five ""Gao Teachings"" were.",1.3229
935017,Delicious Party Precure Movie: Dreaming Children's Lunch!,2022-09-23,"Set in Delicious Town, a wonderful town where delicious food from all over the world gathers, the story depicts the PreCures who work to protect people's ""delicious smiles."" One day, ""Dreamia"", a ""children's lunch theme park"" where you can play and eat as much as you want, opens in a delicious town. Komekome and the others had fun playing together, including having Cait Sith, the school principal, treat the children to lunch, but Rosemary turned into a stuffed animal...",1.4474
145963,The Bulleteers,1942-03-27,"Criminals with rocket powered car loot and extort the city, and only Superman can stop them!",1.4402
41105,Kamen Rider: THE NEXT,2007-08-27,"Bent on the destruction of the human race, the secret underground organization Shocker secretly planned to plunge the world into chaos. But they didn’t count on the revolt of both of their experimentally “reconstructed” human beings, the Kamen Riders. Two years after their first battle with Shocker, a 3rd Rider arises to confront them, known only as “Version 3.” The arrival of the third Kamen Rider will hurl the heroes into their most terrible battle yet and the fate of the world hangs in the balance.",1.7007
529083,Goldwing,1978-01-05,"Released in Korea in 1978, Gold Wing 123, or Golden Wing 123, is an animated sci-fi superhero feature from Kim Cheong Ki, who also directed the classic Robot Taekwon V (1976) and created the popular Wuroemae series. Like Robot Taekwon V, Gold Wing 123 draws from Japanese genre themes and character designs to create Korea's very own world-saving transforming superhero, a young man who attains super powers and is tasked to defend earth from the evil plans of a galactic conqueror. Known in the West as Goldwing, Gold Wing 123 is one of Korea's earliest and most classic animated films.  The Gold Wing 123 was mastered in HD for Blu-ray release, but some imperfections still exist in the film due to the state of the original archive print.",1.2013
984354,Toei TV Hero Encyclopedia Vol. 2: Chojin Sentai Jetman,1993-10-25,A happily married Ryu Tendo (Red Hawk) and Kaori Rokumeikan (White Swan) reminisce about their time as part of the Jetman team defending Earth from the invasion of Dimensional War Party Vyram. The bulk of the special is the couple taking turns narrating an overview of the events of Jetman with footage from the 51-episode series.,1.418
557165,Superchamp Returns,2018-10-24,"In order to save tiny Luxembourg from a cosmic catastrophe, a civil servant in a midlife crisis has to find back his lost superpowers and face his biggest fear: his family.",1.357
485803,Kamen Rider Ex-Aid Trilogy: Another Ending - Kamen Rider Brave & Snipe,2018-02-03,"First installment of the V-Cinema Kamen Rider Ex-Aid Trilogy: Another Ending will focus on the characters of Hiiro Kagami (Kamen Rider Brave) and Taiga Hanaya (Kamen Rider Snipe). Saki, who is supposed to have disappeared, shows up and Hiiro is concerned. However, Lovelica was behind her reappearance and he is controlling her! Also, Luke Kidman, a mysterious American who is fond of Nico appears at Taiga’s hospital. However, he starts showing Lovelica’s Game Disease symptoms in front of Taiga, he didn't know that Lovelica is revived after he was killed by Cronus. The destiny of both heroes is put in jeopardy by the worst game plot ever. And God Kuroto Dan, lurking in the shadows has plans of his own…",1.3237
1288826,Ninja Sentai Kakuranger: Act Three - Middle-Aged Struggles,2024-08-04,"30 years after the Yokai were sealed away, the Kakurangers must reunite to face a new threat.",1.3655
585546,Kamen Rider W: Donburi's Alpha/Farewell Beloved Recipe,2010-07-01,"A mysterious Dopant only known as the Donburi Dopant appears. Philip discovers that the only way to defeat it is to find out what kind of donburi meal it is filled with. The Narumi Detective Agency cook different original donburi meals, the ""Hard-Boiledon"" by Shotaro, the ""Acceldon"" by Ryu, and the ""Doubledon"" by Akiko, with Philip being the judge of the contest to discover what is inside the Dopant!",0.9754
59497,Surge of Power: The Stuff of Heroes,2005-01-04,A gay attorney uses his newfound powers to thwart a mad scientist.,1.202
1199937,Xenobot,2025-07-18,"Rene Del Toro is a young man surrounded by people that want to hurt him, from politicians to bullies, his family and the syndicate, struggles to understand. After being witness to his parents' assassination, he becomes involved in a drowning accident where he becomes Xenobot, a DNA altered frog man with superpowers. He now begins a new journey to find out who killed his parents and what happened to his sister and himself.",1.1987
856104,SuperBob,2009-12-01,Bob Kenner is a superhero. He lives in Peckham. This is the first time he has granted an interview.,1.3529
1755670,Spider-Man: Venomous Rage Part 1,2025-09-01,"For the past five years, Peter Parker has been the one and only Spider-Man. However, there’s no time for celebration, as Peter is facing numerous Fisk thugs wreaking havoc across New York City. Among them is a particularly dangerous and powerful thug known as The Beetle. Peter must defeat The Beetle to save the city from his reign of terror. At the same time, Peter struggles with internal conflicts stemming from his previous encounter with the alien symbiote known as Venom.  You can watch this film for free on the DesiGamingProductions YouTube channel!",2.1711
214067,Kekko Kamen Surprise,2004-10-31,"Studying music at a remote island academy, poor Mayumi (Aki Hoshino) and her classmates fall victim once more to erotic tortures at the hands of their corrupting instructors. Just in time, Kekko Kamen (Misaki Mori) takes center stage with a red mask on her head, nunchakus in her hands, and a song in her heart!",1.3283
1739506,El Cuervo Blanco,2018-09-14,,1.4358
36276,The Green Hornet,1994-01-01,A Chinese reporter (Esther Kwan) attempts to find out the identity of a masked crime-fighter.,1.1266
689751,Capitán Escudo,2018-10-20,"Origin story of Capitán Escudo, an Ecuadorian superheroe.",1.3013
192650,Stamp Day for Superman,1954-03-08,Superman's commitment to promote US Savings Stamps is temporarily delayed when Lois is kidnapped.,1.1396
551803,Eiga Drive Head: Tomika Hyper Rescue – Kidō Kyūkyū Keisatsu,2018-08-24,,1.6743
915421,Ultraman Trigger: Episode Z,2022-03-18,"Set two years after the events of Ultraman Trigger, an ultra-ancient threat re-emerges, leading to the return of Ultraman Trigger and Ultraman Zett to save the day, but all is not as it seems.",1.4604
996598,Lampi,2022-05-10,A young woman suffers from an electrical disorder that disrupts her life and her sister's bachelorette party.,1.1788
1662168,Authentic Games - In the Disconnected Empire,2026-05-14,"After years of ruling an offline world, the Disconnected Empire decides to take revenge. The Emperor plans to kidnap Marco Túlio, creator of Authentic Games, to bring joy to his dark kingdom. Upon entering this universe, Marco Túlio transforms into Authentic, a friendly character, and embarks on a great adventure to rescue the Craft Family and face the Empire. When all seems lost, unexpected help appears in the final confrontation.",1.216
29764,Ultraman: The Next,2004-12-18,"First Lieutenant Shun'ichi Maki of the Japan Air Self-Defense Force is a prestigious F-15 Eagle jet pilot (or ""driver"" as he is called in the film). A lifelong fan of flying since he was a child, being a pilot is his ultimate dream. Unfortunately, his duties distance himself from his wife, Yoko, who always ends up being neglected, and his son, Tsugumu, who has a congenital blood disease and has a high risk of dying at a young age.Maki decides to quit the Air Force to devote more time to his family and to spend whatever is left for his son. He takes a part-time job as a commercial tour guide run by a kindly group of people who allow him time to work and to also take care of his family.",1.6163
310631,Groove Squad,2002-10-01,"The cheerleaders in this animated adventure do more than flips, call-outs and somersaults -- they also solve crimes! These three talented girls manage to take their squad to the national competition, but in between rounds, they must battle the evil forces that surround them.",1.5574
188297,Samurai Sentai Shinkenger the Movie: The Fateful War,2009-08-08,"Taking place in between Shinkenger Acts 22 and 23, the Shinkengers battle the newly revived Kusare Gedoushu Aburame Manpuku and his army for three days. The wounded and tired Shinkengers nearly lose, had the Kusare Gedoushu not needed to regain energy by soaking in the Sanzu River. As their wounds are treated, Jii reveals they he has found the Secret Disk used by the first Shinken Red to seal Manpuku at the Genryu Temple, which lies in the middle of Kusare Gedoushu territory.",1.4357
1042228,Bakuryū Sentai Abarenjā 20th: Yurusa Rezaru Abare,2023-09-01,"20 years after their battle with the Evolians had ended, a new threat appears to threaten the long-lasting peace that the Abarangers have enjoyed. For the first time in a long while, they transform to fight but the public seems to think their actions are barbaric acts of destruction. In the Reiwa Era, is the justice they once fought for now considered an outdated style of heroism?",1.4136
30597,Ultraman Tiga & Ultraman Dyna: Warriors of the Star of Light,1998-03-14,"The members of the Super GUTS force, one of whom is secretly Ultraman Dyna, are in the middle of a losing battle against an enormous monster on the surface of the moon, when suddenly a spaceship appears and saves them by zapping the beast. The crew of the ship claim to members of the world peace force that originally created the Super GUTS force, and they invite the GUTS members to enter their brainwave patterns into the ship's battle computer so it can be a more effective fighting system. It sounds like a good idea, but could they have some other plan up their sleeves?",1.5889
348156,The Bad Samaritan Must Die!,2012-01-01,"14 year-old The Orphan only wants to meet the notorious vigilante The Bad Samaritan, but when she comes face-to-face with her idol she finds he's a little further away from being the fatherly-figure she was hoping for as he threatens her serious GBH. Although he might have something to do with the fact The Orphan has just punched and mugged a woman of her handbag. Pistol in hand she is able to fend him off but she can't shake of the obsession she has as she sees from her TV he is becoming more than just a lone psycho in a mask. In a world where words such as 'peace' and 'justice' have different meanings The Orphan decides to go to one of his 'secret meetings' and face 'the hero of the people' one last time.",1.128
869048,Atoman,2025-04-08,"Hakim is a professional hacker and used to muscular interrogations. But his last encounter with the Moroccan secret service will change his life forever. He will discover that his genes give him extraordinary powers. And if they manifest themselves now, it is for a very simple reason: he is the only one who can prevent a global catastrophe…",2.2166
273500,All Together! Seven Kamen Riders!!,1976-01-03,"The special opens with Tachibana Tōbei taking some children to a Kamen Rider roadshow. Just as he's reminiscing about all the heroic modified humans he's lived alongside- Ichigō, Nigō, V3, Riderman, X, Amazon, Stronger and Tackle- the first seven Riders gradually show up to greet him in their human guises, unrecognised by the crowds. When it's revealed that the kaijin onstage are 'real', not actors, the Riders transform to save the crowd and Rider actors, uniting their power to defeat the Delzer Army's true leader, Great General Darkness in his hideout beneath the stadium.",1.5227
443469,Tekkaman Blade: Burning Clock,1999-11-30,"Burning Clock, tells the story of the Aiba family, goes into further detail about Shinya and Takaya's rivalry.",1.3369
1595180,The Metropolitan Opera: The Amazing Adventures of Kavalier & Clay,2026-01-24,"Added due to popular demand, the Met-premiere production of Mason Bates’s The Amazing Adventures of Kavalier & Clay arrives in cinemas, recorded live earlier this season. The exhilarating operatic adaptation of Michael Chabon’s Pulitzer Prize–winning novel follows two Jewish cousins who create a comic-book superhero, hoping to recruit America into the fight against Nazism. Music Director Yannick Nézet-Séguin conducts the dynamic new production by Tony Award–winning director Bartlett Sher.",1.2571
938859,Armor Hero Captor King,2016-10-02,A villainous supercomputer uses time travel to retrieve magical artifacts from China's ancient past and reshape human history.  It's up to the Armor Heroes to stop the villains and save civilization.,1.2593
512252,KiraKira☆PreCure à la Mode the Movie: Crispy! The Memory of Mille-feuille!,2017-10-28,"Set in Paris, the land of desserts, the Pretty Cures from KiraKira☆PreCure à la Mode use the power of their memories to confront a mysterious monster.",1.9209
981011,Hunter X,2022-07-19,A masked vigilante named X must fight for his life against other killers when a mysterious cult discovers his true identity and wants to bring him into their ranks.,1.5398
36223,Zebraman,2004-01-30,"A down-and-out schoolteacher receives the calling to become the real life personification of an old television superhero, Zebraman.",1.3452
667062,Legend of Gatotkaca,2022-06-09,A young man discovers he is the descendant of a powerful warrior and must unlock his hidden abilities to fight an ancient enemy who seeks to alter history and destroy the world.,1.1421
1474568,Untitled Deadpool/X-Men Teamup Film,,A film set in the Marvel Cinematic Universe (MCU) based on the Marvel Comics characters. Plot TBA.,1.1549
485804,Kamen Rider Ex-Aid Trilogy: Another Ending - Kamen Rider Para-DX with Poppy,2018-02-17,"Second installment of the V-Cinema Kamen Rider Ex-Aid Trilogy: Another Ending will focus on the characters of Parado (Kamen Rider Para-DX) and Poppy Pipopapo (Kamen Rider Poppy). Saiko Yaotome is a doctor dedicated to recovery treatments and heads “Let's Make Bugsters”, a new training game created for the recovery of people that disappeared. The test run has Emu raising Parado and Saiko raising Poppy. There is something different about the Parado in the game, though. The “real” Parado has been trapped and he faces his mysterious double, with the strength of the bond with Emu.",1.5479
145977,Terror on the Midway,1942-08-30,"When things go wrong at the circus, it's up to Superman to stop the escaped animals.",1.3152
1265951,Milkman,2024-07-20,"Based on a comic by legendary Dutch artist Typex, Milkman is the story of a lonely, old-fashioned milkman fighting a quixotic battle against modern times, whilst feeling stuck in the same old routine of delivering the milk every day. One day, he discovers a mysterious bottle in his cart. A bottle that turns out not only to have life-changing consequences for the milkman himself, but for the entire village.",1.5621
1386986,The Gospel of Margo,,A nun's moral dilemma and conversation with a god on earth.,1.4174
161629,The Spirit,1987-07-31,A legally dead police detective decides to battle crime as a masked superhero.,1.3718
432128,Pretty Cure Dream Stars!,2017-03-18,"A mysterious girl named Sakura escaped after her fox friend, Shizuku was arrested. When he managed to escape, she fell to the Human World only to be found by Ichika Usami. Sakura says she is from ""Sakuragahara"", a world based on ancient Japan that is in danger because a mysterious evil figure named Karasu Tengu has taken over and stolen all the beautiful things in her world. She is also looking for Pretty Cure that represents Sweet, Jewels and Keys. Ichika says that she found the KiraKira PreCure team, which represents sweets. As two Karasu Tengu servants arrived in the human world looking for Sakura, the other members of the KiraKira team were ambushed, only to be saved by Maho Girls PreCure! Team, which represented Jewel and Go! Princess PreCure Team, which represents Key. When they gathered together with Sakura, the three teams had to dare Sakuragahara to save Shizuku and free her world from the evil hands of Karasu Tengu.",1.1649
1320924,KryptoNight,2024-07-23,"It’s live piano karaoke night: superheroes and average joes alike are at the bar, and all of them have baggage: crises of faith, turning points in life, etc.. Deep conversations will be struck, tunes will be belted out, and just maybe, by the end of the night, people will have their lives figured out.",1.3726
66942,Griff the Invisible,2011-03-01,"Griff, office worker by day, superhero by night, has his world turned upside down when he meets Melody, a beautiful young scientist who shares his passion for the impossible.",1.2933
1017796,Revice Forward: Kamen Rider Live & Evil & Demons,2023-02-10,"Devils that lurk within humans, and family that is deemed irreplaceable to humans. With these two words, a new story in which familiar characters clash with passion.  After a long battle, the Igarashi Family and their friends have finally achieved peace. However... a new threat that transcends Giff, the progenitor of the demons, has appeared.",1.2558
937316,Kamen Rider Revice the Movie: Battle Familia,2022-07-22,"The Igarashi siblings travel to the forbidden Area 666 to rescue airjacking victims (including their parents!) from the dangerous criminal known as Azuma, who wishes to judge the fate of humanity himself.",1.3293
981545,Purplemind,2021-06-27,"Sally aka Purplemind, a telepath who once founded a superhero collective, now lives in a retirement home. Interviewed by a journalist who wants to write her biography, Purplemind looks back on her past. The traumatic discovery of her powers in the 90s, the creation of a group of heroes, their fame and then their decline after the death of one of them.",1.3368
585369,Kamen Rider Decade: Protect! The World of Televikun,2009-08-01,"Styled as a  ""Choose Your Own Adventure"" story. The viewer's choices throughout the DVD affect how Decade and Diend's fight against Dai-Shocker's Televi Bae-Kun plays out, as well as Yusuke Onodera's completion of the Decade Bazooka weapon from a punch out sheet in the back of a Televi-Kun magazine.",1.0559
438890,Kamen Rider: Run All Over the World,1989-04-29,"The Crisis Empire devise a plan to defeat Kotaro Minami by reverting him back to his old form of Kamen Rider Black and sending out several revived monsters after him. However, Kamen Rider Black is assisted by another RX, who used a time warp to help his past self. The two are joined by RX's alternate forms of RoboRider and BioRider and the four Kamen Riders combine their powers to defeat the revived monsters.",1.2531
68919,"Stan Lee's Mutants, Monsters & Marvels",2002-05-07,Filmmaker and comic writer Kevin Smith interviews comic book legend Stan Lee about his life and work in comics across the decades.,1.0591
1129153,Revice Legacy: Kamen Rider Vail,2022-09-17,"Before the birth of the Igarashi children... A dying and seriously injured man was brought to the scientific research organization Noah. The man, Junpei Shiranami was transplanted with Giff's cells into the heart by Masumi Karizaki and survived. He was forced to become the strongest Devil hunter and given the Vail Driver. Junpei, whose parents were killed by the red Devil, becomes Kamen Rider Vail with revenge on his mind, continuing to fight the Devil...  A movie-length cut of the TTFC Mini-series",1.8912
455534,Sign Gene,2017-09-14,"The NYC agent Tom Clerc, deaf and carrier of a powerful gene mutation that enables him to create superpowers through the use of Sign language, is sent to Japan with his colleague to investigate various intriguing crimes committed by Japanese Deaf mutants.",1.4944
978909,The Phantom,1961-01-01,"The Phantom, along with canine companion Devil, investigate wicked doings at the plantation of Mrs. Harris.  An unsold TV pilot based on the popular superhero.",1.2122
110310,U.S. Catman: Lethal Track,1990-01-01,"A man gains superpowers after being scratched by a radioactive cat and, with the help of his friend, battles against menacing villains.",1.3767
679784,Lazarus,2021-12-13,"A man is killed, but his death is a brief affair. Upon regaining consciousness, he discovers he has been gifted with extraordinary powers that allow him to super-heroically fight the organization responsible for plunging his city into darkness.",1.1918
657149,Shimajiro to Ururu no Heroland,2019-03-15,"Hero Land is a world where you can meet the heroes and heroines you have been waiting for, created by the inventor girl ""Ururu"". Shimajiro and his friends were overexcited, but a bad robot appeared there and Hero Land was in big danger. Can Shimajiro and his friends work together to help?",1.5643
396643,A Flying Jatt,2016-08-25,Jatt is a reluctant superhero that fights crime and protects people. He meets his match in the evil Raka who he must face off to save the day.,1.3425
848629,Mashin Sentai Kiramager Spin-Off: Yodonna,2021-08-08,Kiramager special focusing on the characters of Yodonna and Mizuki Kakihara,1.1772
761135,The Riddler: Riddle Me This,2013-07-06,"The Riddler matches wits with Batman, but the encounters never go well.",0.9414
1132450,Avataro Sentai Donbrothers vs. Avataro Sentai Donburies,2023-11-05,"The Avataro Sentai Donburies, which first appeared in Avataro Sentai Donbrothers' press conference gets a TTFC special!",1.3215
859010,Super Sentai Strongest Battle Director's Cut,2019-07-10,"A mysterious girl named Rita gathers heroes from Super Sentai teams to the planet Nemesis. The heroes are told that any wish they desire will come true if they can win the ""Super Sentai Strongest Battle"" tournament.  A director's cut of the mini-series as a full-length feature.",1.2432
1552453,Untitled animated El Chapulín Colorado film,,Upcoming animated film based on Mexican television series El Chapulín Colorado. It will be part of a new shared universe based on Mexican comedian Chespirito's works.,1.224
225145,Gatchaman,2013-08-24,"By the year 2050 AD, a mysterious organization called Galactor has occupied half of the Earth and threatens to exterminate the human race. Around the same time, the International Science Organization had uncovered mysterious stones that bear unusual powers.  It is said that one person out of approximately eight million is able to harness the power of the stones; they are known as a ""Receptor"". Dr. Kozaburo Nambu gathers a team of these five lucky Receptors together. Known as the ""Gatchaman"" team, it is their mission to defeat Galactor.",1.3681
508830,Kamen Rider Amazons The Movie: The Final Judgment,2018-05-19,"The “Amazon Livestock Project,” a mysterious care facility, the Amazon extermination organization 4C (Competitive Creatures Control Center) pursuing Haruka Misuzawa . . . all come together in a tale of symbiosis and competition; the mortal combat between the carnivore and herbivore. And, finally, an end to the troubles and conflicts of the Riders, two beings confronting a fierce fate.",1.4949
740401,Punishment,2019-03-13,A Story Ark collaboration by Mad Tabby Films in association with Self Films.,1.5162
126442,Alter Egos,2012-07-20,"At a time when superheroes have lost government funding and public support, a superhero meets a girl who can help him overcome his own emotional crisis.",1.0681
402073,Kamen Rider Drive Saga: Kamen Rider Chaser,2016-04-20,"A new Roidmude, Angel, appears, granting full human emotions to Chase. Chase, now possessing the emotions he wanted to feel, attempts to integrate into humanity, but becomes uncertain when he realizes the dangers of what the Angel Roidmude is doing. Chase must decide between Justice and the emotions he always wanted, with the lives of those around him at stake.",1.2552
138720,Superman,1980-07-10,An orphaned boy is granted superpowers after praying to the god Hanuman.,1.0571
437440,Kamen Rider Ghost RE:BIRTH - Kamen Rider Specter,2017-04-19,"A continuation from the Kamen Rider Ghost TV series, this is the story of Makoto, Alain, and Kanon who have traveled back to the Ganma World. It will explain the connection between Makoto and the Makoto doppelganger. Kanon’s secret will be revealed as well.",1.2556
71016,The Return of Captain Invincible,1983-01-28,"In WWII, Captain Invincible used his superpowers against the Nazis and was hailed as a hero. But when he was accused of treason, he retired to Australia in disgrace. Cut to the present, when a US super secret super weapon is stolen and he's asked to come back to the States in order to help stop evil and restore his sterling reputation. Unfortunately, Captain Invincible is a drunk now...",1.4362
828397,Ben Gen 10,2021-06-05,"When Ben meets a young Generator Rex on the run from a hostile Providence, he must work through a series of misunderstandings, and defeat the dark wizard Hex in order to save the world.",1.4765
146255,Ajooba,1991-04-12,"The evil Vizier of Baharistan kills the royal family and takes power for himself. The real prince, who has survived his machinations, returns to his homeland to avenge his parents as a masked vigilante.",1.0139
301470,Moldiver,1993-06-01,A naïve young girl accidentally modifies her brother's secret superhero uniform and becomes the unwilling superheroine Moldiver.,1.2735
124787,Kekko Kamen Returns,2004-10-31,"The evil is back and this terrorizing the swim team at an all girl school. After turning the Principal into a frog monster they commence with their own brand of twisted training and punishment.  But Kekko Kamen has also returned to right the wrongs and send the MGF packing once again or can she, they seem stronger and smarter then ever have been before, it's sink or swim time for Kekko Kamen.",1.0638
200422,Kamen Rider Black: Hurry to Demon Island!,1988-03-12,"Originally known simply as Kamen Rider Black during its theatrical release.  Children all over Tokyo mysteriously disappear without warning. Kotaro suspects that the Gorgom are behind the abductions and follows a suspicious-looking tour bus with children on it, only to lose its trail off a cliff. With the help of a fisherman, Kotaro travels to a remote island and uses his abilities as Kamen Rider Black to save the children and foil Gorgom's latest evil scheme.",1.1012
1125008,Geats Extra: Kamen Rider Tycoon meets Kamen Rider Shinobi,2023-06-18,Keiwa and Sara are transported to the World of Shinobi where they assist Rentaro and his allies in fighting the powerful Amakusa Shiro Tokisada.,1.3724
319769,U.S. Catman 2: Boxer Blow,1989-01-01,"Sam (Catman) and Gus are back to work in this movie. With Cheever dead, his old gang needs a new leader, so by having some random people beat each other up, they discover this big tall guy who only wears fatigues and seems to be strong so they make him the leader. Later on, some CIA agent finds out that some woman affiliated with the Cheever gang has a nuclear starter or something and will only give it up for a lot of money. Sam and Gus then go on a mission to get it back and save the world. Like the first in the ""Catman"" series, this movie also includes various scenes of Asian people beating each other up for no real reason. In this movie, the Asian guys actually speak of Cheever at one point (providing a minor link between the two plots), but that's really about it.",1.0496
64614,Kamen Rider Super-1: The Movie,1981-03-13,"The Dogma Kingdom attacks the Matagi (mountain tribe) village of Yamabiko to steal the sacred Flying Dragon Fortress and wreak havoc all over Japan. Six children from the fallen village take refuge in a nearby town, keeping their identities as Matagi citizens a secret. Kamen Rider Super-1 must protect these children from the Dogma Kingdom, as they hold the secret to the Flying Dragon Fortress' weakness.",1.2524
585186,Kamen Rider Blade: Blade vs. Blade,2004-09-01,"A Trial-series cyborg pretends to be Kenzaki (Kamen Rider Blade), who quickly discovers the fraud and fights him. During their battle, the other Riders bicker humorously about which Blade is the fake, which constantly results in their attacking the real Kenzaki. As with all Hyper Battle Videos, this serves to explain in detail the Rider's various powers and abilities.",2.4035
137261,Kamen Rider OOO Wonderful: The Shogun and the 21 Core Medals,2011-08-06,"Leading an expedition in Germany, Kougami unseals the resting place of one of the  alchemists that created the Core Medals in an effort to retrieve a set of lost Medals. However, upon the seal being undone, millions of Cell Medals erupt into a tower while creating a magical barrier that causes parts of Japan to flip over. As the alchemist reveals her plans to become a new OOO, Eiji and his friends are thrown into the past and must find their way back home and stop the alchemist before she destroys the world!",1.7921
506452,Nightwing and Robin,2015-01-14,A 45 second short film set during the events of Justice League: Throne of Atlantis. The two main characters are called upon by Batman to find and capture the Scarecrow.,1.0107
42557,The SuperVips,1968-10-31,"A satire of modern society or perhaps just a funny tale for children, depending on your age, mood or liking. Recounting the adventures of the last in a line of Supermen, the film pokes fun at the processes that lie behind advertising, politics and our consumer society.",1.412
270475,Ultraman Story,1984-06-14,"The film centers around Ultraman Taro growing up, and wanting to join the Ultra Brothers in battle. His family, however, thinks he is too young. Taro eventually proves himself after saving the 5 Ultra Brothers from the evil Grand King, created by Juda.",1.2623
492531,The Adventures of Superboy,1961-01-01,"Jimmy, Clark Kent and Lana Lang's friend, is ashamed that his father works as a doorman at the Smallville theater. His opinion changes when Superboy is able to thwart a robbery with Jimmy's father's help.",1.2476
187916,Kamen Rider × Super Sentai: Super Hero Trouble – Who’s the culprit?!,2012-04-01,"Kamen Rider x Super Sentai: Superhero Taihen – Hannin wa Dare da?! (Superhero Disaster) are a series of non-canon net movies that deal with murder mysteries involving deaths of Super Sentai and Kamen Riders, uncovering hidden circumstances behind the Super Sentai and Kamen Rider, and more.",1.3672
1217056,Kamen Rider Geats: Handyman?! A Day In The Life of Master Micchy,2023-12-06,"Following his win in the Desire Grand Prix Bonus Stages, Michinaga realizes that when it comes to the DGP, be extra careful what you wish for...",1.1669
1009479,Zenkai!! Twokai!? Need for Development!! G-Rosso Last Fight!!: Kikai Sentai Zenkaiger Show Series Level 4,2022-02-05,Zenkai!! Twokai!? Need for Development!! G-Rosso Last Fight!!: Kikai Sentai Zenkaiger Show Series Level 4 is a stage show based on Kikai Sentai Zenkaiger TV series. The recorded version was released after the performance period concluded.,1.2041
1370747,Magnolia,2023-01-12,Magonolia is a story of a teen girl with superhuman powers.,1.3354
574783,Kamen Rider X: The Movie,1974-03-16,A little girl named Sayoko witnesses the murder of an Interpol agent by the G.O.D. kaijin Hercules. Keisuke Jin saves her before Hercules disposes of her. Sayoko tells Keisuke that G.O.D. is targeting an important official named Kibara. Kamen Rider X has his hands full when G.O.D abducts Kibara and takes Sayoko and her mother hostage.,1.1638
63634,Velayudham,2011-10-26,An ordinary milkman is forced to become the fictional character Velayudham who takes on the scum of the earth.,1.3263
106358,Atom Man vs. Superman,1950-07-20,"Superman battles Lex Luthor, who is using a teleportation device and a new identity as Atom Man in his criminal plans.",1.1417
329202,The Phenomenon: The Comic That Changed Comics,2009-07-21,The history and impact of the graphic novel Watchmen.,1.3118
687065,Thong Girl 2: The Return of the Thong,2004-01-01,"Music City, USA has a new crimefighting superhero! Assistant District Attorney Lana Layonme fights crime in the courtroom in a city that's known for bright lights and country music stars. But sometimes legal justice is just not enough and that's when she becomes THONG GIRL!",0.9332
818153,The Man in the Pinstripe Suit,2021-04-15,"Trapped in an empty subway station, a timid freshman must fight to protect his soul from a decrepit, hollow monster.",1.0953
584605,Kamen Rider Kuuga: Special Edition,2001-10-21,"A group of archaeologists open a tomb that awakens horrible monsters, while journeyman Yusuke Godai is compelled to access a strange belt from the tomb to fight back against them. Also, a drunkard witnesses a murder by an unidentified lifeform near a church. Meanwhile, Yusuke is bothered by the idea of fighting and is unsure if it was right until he saw the daughter of one of the slain archeologists crying, making his reason to fight ""to protect the smiles of people"". This is the director's cut version of the first two episodes of the Kamen Rider Kuuga TV series.",1.4402
350213,The Legends Behind the Comic Books,2007-09-15,"This new documentary film recognizes the comic book as a true art form, as indigenous to American culture as jazz. It presents comic books as reflectors of a changing America from the 1930's to today, and it hails comic book superheroes as modern-day mythological figures.  “THE LEGENDS BEHIND THE COMIC BOOKS” captures for posterity the living artists and writers from The Golden Age of Comic Books (1938-1951) and The Silver Age of Comic Books (1956-1973). Insightful comments are provided by the creative geniuses who were there at the beginning, including…",1.1891
1218111,Kamen Rider Geats: Jyamato Awaking,2024-03-08,"The Riders make their final assault against the ever-growing Jyamato, hoping to discover the secrets of their existence and return peace to the world.",1.108
618350,DC Showcase: Adam Strange,2020-05-19,"On a rugged asteroid mining colony, few of the toiling workers are aware that their town drunk was ever anything but an interplanetary derelict. But when the miners open a fissure into the home of a horde of deadly alien insects, his true identity is exposed. He is space adventurer Adam Strange, whose heroic backstory is played out in flashbacks as he struggles to save the very people who have scorned him for so long.",1.2008
124790,Kekko Kamen Royale,2006-01-01,"Popular half-Japanese idol Maria Ozawa stars in this straight-to-video live-action adaptation of Go Nagai's erotic action series. As a new teacher is sent to expose the truth of the Kekko Kamen, then that teacher must be inspected herself. Watch as Ozawa takes on popular idol Hitomi Kitamrua as well!",1.2266
618352,DC Showcase: The Phantom Stranger,2020-02-25,"Jess joins her friends at a party in a dilapidated mansion hosted by the mysterious Seth. When odd things begin to happen to Jess and her friends, the Phantom Stranger intervenes to save her from a dreary fate.",1.2915
484997,Soccer Killer,2017-06-30,"In the Song Dynasty, a group of patriots play soccer against the traitor with a team of foreign enemies, royal pro-nobles, bandits, martial arts masters and embrace the country hatred to compete for the first time in the history of China International soccer match.",1.1041
1037633,The Adventures of the Silent Beat,2022-10-19,"Jay Marciano has always been able to hear things. More than anyone around him. When he moves to a new town and meets new friends and new enemies, he discovers that as much as his super ability is a burden, it's also a great gift.",1.3326
120434,Fresh Precure! Movie: The Kingdom of Toys has Lots of Secrets!?,2009-10-31,"After resolving the problems in the Labyrinth Kingdom, Love Momozono and her friends live a happy life and continue their dance training. Suddenly, the town children's toys start to go missing and the girls agree to help find them. Love Momozono's stuffed rabbit then comes to life and tells the Cures that the Toymajin is responsible. The Fresh Pretty Cure cast then travel to the Kingdom of Toys to save the day!",1.0909
336396,Ultraman Zearth,1996-03-09,"Ultraman Zearth hails from The Land of Pikari in Nebula Z95. He has a big red face and dislikes dirt, and will go to great lengths to wash it off his hands. His goal is to clean the polluted Earth. He transforms with an electric toothbrush, which is consistent with his hygiene fixation. He's not quite adept at being a superhero, but at least he tries his best.",1.2223
267128,Kamen Rider Black: Terror! Demon Mansion at Devil's Pass,1988-07-09,"The city of Yūbari in the Hokkaido prefecture has become a ghost town following the presence of Shadow Moon and his minions of Gorgom. Makino, a scientist working on Gorgom's top-secret robot experiment, escapes from the evil organization and returns to Tokyo, only to find out that his wife and daughter have been abducted. As Kamen Rider Black, Kotaro travels to Yubari to save Makino's family and liberate the town from Shadow Moon's evil grasp.",1.082
1268128,Tokusou Sentai Dekaranger with Tombo Ohger,2024-06-16,"Yanma Gast / Tombo Ohger has wandered into the world of Tokusou Sentai Dekaranger?! As soon as he saw Marika ""Jasmine"" Hiwatari/Deka Yellow, and met her for the first time, he said, ""This is my first love. I'll do anything to protect you!"" Unlike the previous Yanma Gast, there's something strange about him... what is the truth behind it?",1.2345
29717,The Adventures of Food Boy,2009-04-02,Ezra discovers he has a unique ability to make food appear in his hands. He quickly uses his new super powers to impress his friends and to become popular around school for the first time in his life.,1.3406
270482,Dokidoki! Pretty Cure the Movie: Memories for the Future,2013-10-26,"One day, Mana Aida receives a wedding dress from her mother and grandmother that they had worn in the past. While thinking about who she would wear this beside someday, a mysterious man named Marsh appears, and Mana is thrown back into the past. She was happy to see her grandmother she loved and her old dog Maro, but she then realizes that Alice and Rikka aren't there because memories have been altered. In order to save precious memories, the future, dreams and hope, Mana transforms into Cure Heart.",1.2554
146058,Eleventh Hour,1942-11-20,"Using Clark Kent as a cover, Superman travels to Japan as a saboteur during the war.",1.1128
761366,Surge of Dawn,2019-08-10,Cinema's first openly gay superhero Surge returns for the crossover event of the year. This time Big City's greatest hero must team up with an unlikely hero a vampire who works for GOD named Dawn. Surge and Dawn must work together to save Big City from a new villain Blackout an evil necromancer who seeks to destroy Surge and gain a seat on the Council.,1.1344
49538,X-Men: First Class,2011-06-01,"Before Charles Xavier and Erik Lensherr took the names Professor X and Magneto, they were two young men discovering their powers for the first time. Before they were arch-enemies, they were closest of friends, working together with other mutants (some familiar, some new), to stop the greatest threat the world has ever known.",1.11
55649,The Science of Superman,2006-06-29,Documentary about the science related to Superman's Powers.,0.9739
726302,Rise - Dharuriser,2017-07-29,"When his wife becomes pregnant, Akihiro gives up on his dream to become an actor and returns to his home in Shirakawa, Fukushima. However, as time goes by, he begins to lose sight of himself. One day, Akihiro learns about a local character contest and decides to enter it, modelling his costume on Shirakawa's traditional Daruma doll, he creates 'Dharuriser'. This soon leads Akihiro to encounter 'Dice', a mysterious group that seeks to shape the city of Shirakawa into their own utopia. Though both Dice and Akihiro wish to revitalize Shirakawa, their different ideas come into conflict and lead them into battle. Dharuriser, a man with no lethal abilities or superpowers who will always rise up even if he is defeated or collapses. A man who questions what a true hero is.",1.1763
359288,Deadly Drive-in Disaster,2015-10-29,"Sola Powers, special agent with Extra Terrestrial Affairs, jumps into action when a drive-in cinema showing a UFO invasion movie is attacked by a real UFO. Sola literally uses all cinematic tools to defeat the ruthless intruders.",1.0893
288287,A Choo,2020-07-15,"Even when they were orphans, Wang Yizhi has always been in love with Xinxin. Now older, Yizhi decides to train as a boxer before he allows himself to profess his love, but only for her to fall for a geeky computer engineer who is secretly a popular superhero. When Xinxin gets kidnapped, Yizhi must prove his love and his fighting skills to get the girl of his dreams.",1.1306
1288330,Welcome to the Party,2023-09-23,A criminal encounters Britain’s newest vigilante and must FACE the consequences.  A proof of concept made for the Encounters film festival DepicT competition and winner of the Action Xtreme action award.,1.0435
254557,Goopy Bagha Feere Elo,1992-01-03,"Goopy and Bagha are invited to the Kingdom of Shundi, where they must outwit an evil astrologer and his imposter to save the king and prevent an attack from the neighbouring kingdom of Halla.",1.1124
60258,Electra,1996-05-21,Billionaire named Roach desperately searches for the secret serum which could turn an ordinary human into a superbeing...,1.173
1362347,Keytar Bear,2025-03-07,"A street busker dedicates his life to uncovering and defeating the evils that plague his home. Unable to work within the system, he instead creates a new identity, a symbol of fear for the criminal underworld - Keytar Bear.",1.2582
863950,Pizza Friday!,2016-07-22,The Turtles sneak into April's school to get some pizza.,1.1182
266166,Adventures of El Frenetico and Go Girl,1993-01-01,A drunken superhero and his kung-fu fighting girlfriend battle a local evil snack food king when he kidnaps a lady reporter.,1.1216
440243,Hurricane Polymar,2017-03-13,"In order to counter the rapidly increasing organized crime, the development of Polymar Suits resumed under the direction of the newly inaugurated police superintendent. But when three of the test version Polymar Suits are stolen, former street fighter and current detective Takeshi Yoroi is tasked with recovering them and the invincible hero Hurricane Polymar is born!",1.1377
1324843,Neukölln Spiderman,2025-01-15,"Facing the risk of deportation from Germany, Altay learns that he must present a valid reason to the immigration office to stay. On his way home, he encounters a man wearing a Spider-Man mask and, curious about his valid reason, conducts a brief interview. During their conversation,  Altay realizes that a series of encounters has been helping him make sense of his recent anxieties. Inspired by this, he begins recording conversations with people who share a similar sense of delusion and brings strangers into organic dialogues. Through a blend of fiction, documentary, and animation, the film explores ...",0.9526
470926,Litterbugs,2016-01-01,"Helped by her self-made flying mechanical creatures, a young inventor and an enigmatic pint-sized superhero defeat the town bullies and find an unexpected friendship.",1.1703
640394,Dragon Force: So Long Ultraman,2017-10-01,"Dragon Force: So Long, Ultraman is a Chinese action animated film animated by BlueArc Animation in cooperation with Le Vision Pictures, TIGA Entertainment and UM Corporation. It is based on the 2012 3D animated series Dragon Force created by Kazuya Hatazawa and a sequel to the 2013 movie of the same name.",1.0846
585578,Kamen Rider W DVD: Gaia Memory Library,2010-08-01,"Set shortly after Kamen Rider W: Donburi's α/Farewell Beloved Recipe DVD, this video features the content normally found in the Hyper Battle DVD (explaining the powers and weapons of the Kamen Riders), revealed as Philip having come down with temporary amnesia after slipping on a hard-boiled egg and hitting his head.",1.084
564449,Ultra-Girl,2018-11-01,"After sinking into a deep depression, riddled with writer's block and frustration, a comic creator is visited by his own caped creation: Ultra-Girl. Will she be able to inspire the man who made her? Or is this the end for both of them?",1.2256
922973,Ero,2021-12-10,A group of high school misfits become unlikely superheroes as they discover their “useless” powers.,1.1238
113154,Invaders from Space,1965-05-31,A bunch of pernicious salamander men from the planet Kulimon in the Moffit Galaxy plan on taking over Earth by unleashing a lethal plague on mankind. It's up to valiant superhero Starman from the Emerald Planet to save the human race before it's too late.,0.9246
228298,The Secret Code,1942-09-04,A superhero known as The Black Commando battles Nazi agents who use explosive gases and artificial lightning to sabotage the war effort.,1.385
212262,Kamen Rider W Returns: Kamen Rider Eternal,2011-07-21,"Set primarily before the events of Kamen Rider W Forever, Kamen Rider Eternal tells the story of Daido Katsumi, the formation of NEVER, the mission that led them to target Fuuto, and reveals just how Daido obtained his Lost Driver and got his first taste of the power of Kamen Rider Eternal. As a mysterious woman retells this story to Phillip and Shotaro, they realize that Daido may not have been the simple monster he first appeared to be…",1.1443
438971,Kamen Rider Brave: Let's Survive! Revival of the Beast Rider Squad!,2017-02-19,"A group of revived beast-themed Riders gather to form the ""Beast Rider Squad""... and Kamen Rider Ouja, the worst villain Rider, is leading them! Can Kamen Rider Brave hunt them with his new Gashat, ""Knight of Safari""? And what is the secret behind this battle?",1.1016
949672,Kamen Rider OOO: The Birth of Birth X Prologue,2022-03-13,"As the ancient king OOO continues his onslaught on humanity, Kougami gathers his former employees to create a resistance... and introduce a new weapon in the fight!",1.5058
201213,Wondrous Woman,2007-03-24,"Wondrous Woman is a super-heroine with a specialty in foiling petty-crime. She is a strong role model but unsuccessful in her personal life. She struggles to earn the respect of the police, the people she meets, and the men she dates. Her vulnerability makes it difficult to trust her intuition which leads to a compromising situation. Yearning for true love and acceptance, she's manipulated into changing who she is and must battle to stay true to the identity that makes her unique.",1.1067
984172,Mashin Sentai Kiramager Final Live Tour 2021,2021-09-08,"A live show that was performed across Japan in April and May of 2021, acting as a final farewell for the cast. It comprises two parts: a scripted show part, and a talk show with the cast. The Zenkaigers also appear.",1.2438
1497042,Captain Zero: Into the Abyss Part I,2022-09-16,"A journey into the psyche of Xerxes Hughes, a teenager whose double life as a superhero and struggles with depression are causing him to experience blackouts.",1.0632
272157,Ressha Sentai ToQger The Movie: Galaxy Line S.O.S.,2014-07-19,"The film follows the Safari Ressha who run the Galaxy Line, their conductor named Lady, and the Shadow Line member pursuing them.",1.0392
588461,Kamen Rider Zangetsu the Stage -Gaim Gaiden-,2019-10-09,"Takatora Kureshima (Kamen Rider Zangetsu) visits a former Yggdrasill Corporation experimental project site located in the poverty and conflict stricken Republic of Torukia. He is visiting the site for the first time in 8 years, and is suddenly attacked! Suprised he stumble and falls into a giant hole which leads into an underground city. This underground city is the most dangerous place in the republic, in which many young men are killed defending themselves while trying to survive. These men use Lock Seeds and Drivers to transform into Armored Riders. Due to the fall Takatora has lost his memory. He is helped by the leader of Team Orange Ride. Unbeknownst to them, there are cameras hidden all around the underground city. The ones behind the cameras are responsible for the conflicts in the city. One man in particular is seeking revenge on Takatora for a specific reason...",1.093
1637836,Hero Inside Movie,2025-12-30,,1.0927
573987,Kamen Rider Amazons Season 1 the Movie: Awakening,2018-05-05,"Awakening is the first of two theatrical compilation movies that preceded the release of ""Kamen Rider Amazons: The Last Judgement"" feature film. Awakening compiles the events of Season 1, which follows a mysterious Amazon hunter named Jin Takayama, who transforms into Kamen Rider Amazon Alpha; the heavily-sheltered Haruka Mizusawa, who transforms into Kamen Rider Amazon Omega; and the Nozama Pest Control Service, a small group of mercenaries contracted to hunt down the awakening Amazons.",1.0852
580833,Kamen Rider Prime Rogue,2018-12-03,"This special  takes place before episode 42 of the Kamen Rider Build TV series. Misora, who has gotten irritated with Gentoku’s Fashion Sense, takes him out for shopping to buy new clothes. Over there he meets a boy but...",1.0849
1379695,Go! Go! Moba Boy!,2004-09-01,A 9 year old boy uses two alien superphones to be a superhero.,1.0843
582241,"Kamen Rider Ghost: Ikkyu Intimacy! Awaken, My Quick Wit Power!!",2015-12-26,"This is a second of two special DVD episodes of Kamen Rider Ghost, and a sequel of Kamen Rider Ghost: Ikkyu Eyecon Contention! Quick Wit Battle!!. It features the debut of Ghost's Ikkyu Damashii and Specter's Pythagoras Damashii. It take place between episode 12 and 13 of the Kamen Rider Ghost TV series.",1.0838
1219191,Rowena: The Red Ranger,2023-12-13,"Rowena, an overworked and underpaid convenience store worker, has not been feeling well lately. She has a lot of bills to pay, her inconsiderate boss has been consistently delayed in giving her salary and the customers are just rude in general.  With a lot of these external pressures coming together, she will be forced to unlock her unexpected alter-ego as a defense mechanism. An intense amount of rage and frustration will be released throughout her overnight shift. All hell breaks loose and anyone can be collateral damage.",1.0814
1211409,Kya Masti Kya Dhoom,2023-12-17,,1.0787
328646,Oya: Rise of the Suporisha,2014-11-13,"Inspired by the ancient African deities known as Orixa and the traditions of Yoruba people as well as Candomble, Santeria and Umbanda among others. Disconnected from the natural essence of Orixa. Fuelled by hate, war and destruction. This world teeters on chaos. This world needs change. This world needs Oya: Orisha of the hurricane, goddess of the wind. Step into her world, as Oya goes on a mission to stop a lunatic, intent on killing an innocent.  If change is to come. Evil must be defeated. The Orisha must rise.",1.0783
1286451,Mechamato Movie 2,,Sequel to Mechamato Movie.,1.0732
1243828,Mashin Sentai Kiramager Spin-Off: Yodonna THE FINAL,2024-03-03,"The final Yodonna special. Yodonna, is now living in the human world after her revival, accidentally ends up working with a group of female bank robbers.",1.0716
93884,Kekko Kamen New,2003-09-05,"A school that teaches young boys and girls how to become famous anchorpeople in the media. But there is something strange going in this school. The facility takes a sick pride in handing our S & M style punishments to students for the most trivial things. But there is one among them, a hero that hides her face but bares everything else in the name of justice. Her name is Kekko Kamen, all know the legend of how Kekko Kamen defeated the evil Mangriffin in a local high school, but now she's back and out to stop the evil twisted fiends once again.",1.0713
479363,Kamen Rider Heisei Generations FINAL: Build & Ex-Aid with Legend Riders,2017-12-09,"Kamen Riders Build and Ex-Aid team up with the legendary heroes of the Heisei Generation - OOO, Fourze, Gaim, and Ghost.",1.0652
331564,The Incredible Adventures of Fusion Man,2009-06-19,"It's a comedy, inspired superhero films. Dan, aka Fusion Man, is about to spend the evening with his boyfriend Marc, but he has to leave to rescue an innocent person. He discovers that Raphael, a young gay is about to commit suicide, handled by Waco, a super villain. The duel between Waco and Fusion Man will lead to a discussion that will allow everyone to take stock of the situation.",1.0625
861666,Zero-One Others: Kamen Rider Vulcan & Valkyrie,2021-08-27,"Shigeru Daimonji, the Secretary of National Defense, has ordered Yua Yaiba/Kamen Rider Valkyrie to eliminate Kamen Rider MetsubouJinrai. While she hesitates to act on this directive, the Rider itself sets sights on Valkyrie. Meanwhile, the now former Solds attempt to discover freedom for the first time without ZAIA Enterprise, while engaging in an all out war against A.I.M.S. Isamu Fuwa/Kamen Rider Vulcan, who personally witnessed the birth of Kamen Rider MetsubouJinrai, investigates to discover their true goal. What is Yua's fate, who acts on her own justice as she refuses to fight both Kamen Rider MetsubouJinrai, the Solds, & Isamu who is determined to carry out his final mission as Kamen Rider Vulcan?",1.0604
734652,77 Group's Secret,1978-07-23,"Sang-ho and Sun-ja are kidnapped by someone and live in brutal abuse while performing acrobatics in a circus troupe called the ""77th Dan"". One day their uncle comes to visit them and they try to escape, but when Sun-ja is captured by the circus, a black hooded person suddenly appears to help them.",1.0604
445871,Maho Girls Precure! the Movie: The Miraculous Transformation! Cure Mofurun!,2016-10-29,"I'm, Asahina Mirai! Everyone, do you know about the ""Wishing Stone""? It's a powerful stone that can grant any wish you want! Today is the day we're celebrating its revival, a huge magic festival that only occurs once a century♪ Together with Liko and Ha-chan, I wish upon this ""Wishing Stone"", but believe or not, it chose Mofurun's wish! This is truly exciting!! However...a mysterious bear・Dark Matter suddenly appears, and takes Mofurun with him!! I have to definitely save Mofurun! Even when we're separated, the wishes of all of us can bring about miracles!! Well that is what I thought, what~~~!! Mofurun became a Pretty Cure~!?",1.0594
401461,The Phantom,1943-12-24,"Two expeditions are trying to reach the Lost City of Zoloz -- one headed by Professor Davidson, a scientist who wants to establish an archaeological site, and the other by a greedy treasure hunter who wants to keep the fabled treasures of the city for himself. An agent of a foreign power also wants to establish a secret airbase there, so he stirs up the natives against The Phantom, who has been able to get them to stay peaceful so far. When The Phantom is murdered, his son takes his place and sets out to restore peace to the jungle and stop the agents' and the treasure hunters' nefarious plans.",1.0576
124788,Kekko Kamen Forever,2006-01-01,Seventh release in the popular series featuring live action versions of the hit erotic heroine series from Go Nagai.,1.0573
164633,Revenge of the Zebra Miniskirt Police,2010-04-08,"In the year 2024, the Governer of Tokyo puts a group of young girls through torturous training, and the three that remain - dubbed the Zebra Mini-Skirt Police - are charged with the task of protecting his life…",1.0564
55887,Tomica Hero: Rescue Force Explosive Movie: Rescue the Mach Train!,2008-12-20,"Taking place between episodes 38 and 39 of the Tomica Hero: Rescue Force television series, the film features Doktor Madu joining forces with the Neo Thera to hijack the super express train Mach Train with his Metal Train, intending to use the Mach Train in the most Super-Disaster ever.",1.0564
38180,DC Showcase: The Spectre,2010-02-23,"As Detective Jim Corrigan investigates a murder, The Spectre delivers horrific justice to the perpetrators.",1.0551
572666,Kamen Rider × Super Sentai × Space Sheriff: Super Hero Wars Otsu: Heroo! Answers,2013-04-12,"To promote the movie Kamen Rider × Super Sentai × Space Sheriff: Super Hero Taisen Z, Toei released a series of Internet clips under the collective title Kamen Rider × Super Sentai × Space Sheriff: Super Hero Taisen Otsu!: Heroo! Answers. The net movies also featured characters from Tsuburaya Productions and Marvel Comics. Toei Tokusatsu BB and TV Asahi began distribution on April 12, 2013.",1.0541
763236,Captain Green,2010-08-10,"A young scavenger living in a small, crime-ridden town finds a cosmic ring that gives him superpowers.",1.053
138740,Wapakman,2009-12-25,Wapakman is a Philippine superhero film directed by Topel Lee and starring eight-division world boxing champion Manny Pacquiao.,1.0519
1092868,Rescatado,2019-10-15,"A young boy, Anselmo, faces his fears of bullies and his drunk, abusive father. He escapes reality by reading his comic book, “The Mighty Blitz,” and learns to stand up for himself with the help of his mother.",1.0468
687064,Thong Girl,2003-01-01,"Thong Girl takes on the forces of evil as she and her trusty sidekick BoxerBrief Boy defend Music City, USA from Chaz Chernobyl and the Dark Widow.",1.0452
984832,Engine Sentai Go-Onger Special DVD: It's a Seminar! Everyone GO-ON!!,2008-12-01,A special DVD in which Bomper lets each of the Go-Ongers do their own special seminar on ecology and also tie into the three Gaiark Pollution Ministers.,1.0433
473075,Shiva Ka Insaaf,1985-03-15,"A child is raised by his father's friends, who teach him the art of combat. They also provide him with supernatural weapons to help him avenge his parents' death.",1.0424
527511,Bhavesh Joshi Superhero,2018-06-01,"A young man who stands for the right discovers that he's destined to do bigger things, which will transform him from a common man into a Superhero.",1.0364
146062,Jungle Drums,1943-03-26,Superman discovers a secret Nazi base in the jungle.,1.0359
646767,Doctor Who: The Return of Doctor Mysterio,2016-12-26,"When brain-swapping aliens attack New York, the Doctor and Nardole link up with an investigative reporter and a mysterious masked superhero known only as the Ghost. Can the Doctor save Manhattan? And what will be revealed when we see behind the mask?",1.0354
131185,Alias Batman and Robin,1991-04-06,"Alyas Batman en Robin is a 1991 Filipino Batman comedy film produced by Regal Films spoofing the 1960s Batman television series. The movie was initially an unauthorized production, set to capitalize on the then in-production 1989 Batman film starring Michael Keaton. Warner Brothers threatened legal action and the release of the film was delayed until legal entanglements could be sorted out. The film was released in 1991, two years later than the intended 1989 release.",1.0337
22701,Attack from Space,1965-03-06,"The superhero Starman is sent by the Emerald Planet to protect Earth from belligerent aliens from the Sapphire Galaxy. The Sapphireans (or ""Spherions"") kidnap Dr. Yamanaka and force him to use his spaceship against the Earth.",1.0327
188294,"Kamen Rider W Forever: From A to Z, 26 Rapid-Succession Roars of Laughter",2010-07-16,"A series of 26 net movies, comedy-themed shorts (one for every letter of the alphabet) that were released by Toei to promote the Kamen Rider W summer movie, Kamen Rider W Forever: A to Z/The Gaia Memories of Fate.",1.0299
146074,Secret Agent,1943-07-30,"A double agent trying to deliver information to Washington, D.C. is chased by Nazi operatives.",1.0288
1124584,Geats Extra: Kamen Rider PunkJack,2023-05-21,Geats Extra: Kamen Rider PunkJack is an upcoming TTFC exclusive web special set within the continuity of Kamen Rider Geats.  The special explores the origins of the Desire Grand Prix and how Win Hareruya became a member of their staff as Kamen Rider PunkJack.,1.0284
850657,Ultraman Sorta vs. Godzilla Starring Matt Frank: The Movie,2022-03-19,"Despite repeatedly being told not to, famed kaiju illustrator Matt Frank presses a button. He shouldn't have pressed the button.",1.0278
1027417,TeraStorm,2022-04-01,A team of elite African superheroes unites in an attempt to vanquish an ancient wizard who threatens to destroy the earth with a powerful mysterious artifact.,1.0261
146053,Showdown,1942-10-16,Superman's reputation is tarnished when a crook begins committing crimes in a Superman costume.,1.0259
36658,X2,2003-04-27,"Professor Charles Xavier and his team of genetically gifted superheroes face a rising tide of anti-mutant sentiment led by Col. William Stryker. Storm, Wolverine and Jean Grey must join Magneto and Mystique to unhinge Stryker's scheme to exterminate all mutants.",1.0096
57269,Sidekick,2007-05-17,"Mild-mannered computer consultant Norman Neale has two great loves in this cruel world: Comic books and his office's effervescent main receptionist, Andrea Hicks. Norman spends his days dreaming of Andrea from the isolation of his cubicle and his nights dreaming of fighting crime from the solitude of his apartment. Then one fateful day Norman discovers that a fellow co-worker, Victor Ventura, a swaggering, pretty-boy salesman, has slight telekinetic abilities beyond his understanding. After discussing his mind-blowing discovery with his only friend Chuck, a know-it-all comic book store owner, Norman comes to the outlandish conclusion that he should train Victor to become a real-life superhero by helping him refine and expand his extraordinary ability.",1.1479
467172,DC Super Heroes vs. Eagle Talon,2017-10-21,"Joker has come to Japan to steal the Eagle Talon Society's secret weapons in his continued scheme for pure chaos. However, the Justice League is on his trail, but there's something off with Batman. Now, it's up to Eagle Talon to go find out what's wrong with Batman, and that means going back in time to Bruce Wayne's most traumatic experience, the murder of his parents. If that wasn't enough to worry about, the Eagle Talon Society also have to keep their eyes on their production budget, especially with most of that money going towards the licensing fee for DC's popular characters. Will the Eagle Talon Society and the Justice League be able to stop the Joker before their budget dries up, and they're reduced to simple stick figures!?",1.0351
266366,Kamen Rider V3 vs. Destron Mutants,1973-07-18,"A physicist named Tetsuo Okita discovers a new mineral called ""Satanium,"" which is more powerful than uranium and emits destructive effects to anyone exposed to it. However, Destron abducts Okita in hopes of finding the source of Satanium and collecting more of it to expedite their run for global domination. Kamen Rider V3 must act fast in rescuing Professor Okita and preventing Destron from collecting more of the deadly mineral.",0.9016
580832,Kamen Rider Build: Birth! Bear Televi!! VS Kamen Rider Grease!,2018-03-14,Kamen Rider Build: Birth! Bear Televi!! VS Kamen Rider Grease! is a Televi-Kun Hyper Battle DVD for Kamen Rider Build featuring the exclusive appearance of Build's Bear Televi Form. This special takes place between episodes 18 and 19. It reveals the origin of the Hokuto Three Crows' dog tags.,1.0279
553018,Japan Local Heroes Great Battle,2015-11-14,"The story begins with Takeru Yamato (Yatsurugi) lying on the ground, unconscious, struck down by a force that possesses a little girl. This witch and her four generals go to war against our heroes. A fight that seems unequal at first but the strength of their friendship will prove that nothing can beat them.",1.0591
1550878,Superhero Rewind: The Movie,2025-08-29,"A world weary and disgruntled 60 year old Captain Logan procures a time machine from a relunctant Brandon Grimm to travel back to 1996 and stop himself from reviewing superhero movies, which will become unwatchable by 2044. But will he create a worse future than he can imagine in the process? And what is Doomsvince's stake in this ill-conceived plan?",0.797
1164940,"Miraculous: Ladybug & Cat Noir, The Movie 2",,,1.036
975394,My Babysitter the Super Hero,2022-05-17,A teenage boy and his little sister are thrust into an adrenaline-charged adventure when they find out their gregarious babysitter is in fact the legendary super hero known as Agent-Action.,0.9662
272197,Black Cougar,2002-12-25,"Children have been going missing. Police are baffled. A community quakes with fear. A hero is needed. Enter Black Cougar. Created by a toymaker, armed with a pack of crime-fighting mini-cougars and high-tech gadgets, Black Cougar springs into action to right all wrongs.",1.3177
500387,Super Clyde,2013-10-09,"Clyde, a meek, unassuming fast food worker, decides to become a super hero.",1.0567
441715,Kamen Rider vs. Ambassador Hell,1972-07-16,"Takeshi Hongo and FBI agent Kazuya Taki fake their deaths when they are attacked by Shocker soldiers during a motocross race. They disguise themselves as Shocker soldiers and infiltrate the main headquarters, but it doesn't take too long for Ambassador Hell to find their whereabouts and trap them. Before he detonates a bomb within the base, Ambassador Hell tells Kamen Rider #1 and Taki that Shocker is preparing a giant laser capable of destroying cities. Our two heroes must escape from the base's self-destruction and stop Shocker from arming their latest weapon. Not only that, they must rescue Tachibana and the racing club, who have been abducted by Shocker's minions.",0.9856
1495964,Untitled Wonder Woman Film,,A Wonder Woman film presumably set in the DC Universe (DCU). Plot TBA.,1.0146
1249638,The Defenders of Destiny,2024-02-20,"Meet a group of like-minded individuals and join documentary-maker Sebastian Tomas as he takes you on a journey filled with laughter, tears and sensations like no other...",1.0367
1623275,Untitled Darkman Reboot,,A reboot of the 1990 film.,0.8462
107167,ZsaZsa Zaturnnah: Ze Moveeh,2006-12-25,"A gay barber swallows a large rock from the sky that turns him into a sexy superheroine. She soon finds herself fighting against a giant frog, a zombie outbreak, and a group of warriors who plan to turn the world's males into females.",1.0742
121038,Fearless Frank,1969-12-10,"A country boy arrives in Chicago, gets killed by some gangsters, and returns to life with superhuman powers in this satirical look at movie genres.",1.0438
1449299,Bukan Film Superhero,2025-03-16,,0.8923
146059,Destruction Inc.,1942-12-25,Superman has to thwart wartime saboteurs tampering with things at the Metropolis Munitions Plant...who have captured Lois Lane and loaded her into a torpedo!,0.9715
746845,Arthouse Ultraman,2005-07-02,"In the 21st century, multiple mysterious phenomenon began to occur as monsters who were initially thought to be a part of mythology had come to life. These phenomenons had also resulted from human activities that disrupted the nature of the ecosystem. Ultraman Max is the titular giant of his series. Originally a civilization observer sent from Nebula M78, the sacrifice of Kaito Touma changed his mind into bonding with with the youth and actively defending Earth from monsters and alien attacks. Arthouse Ultraman is a movie with four episodes edited together, theatrically released at Fantasia Festival 2006.",1.0956
443780,Slavemen,2017-03-10,"Yasuyuki Shimada is an ordinary guy who makes films. One day he gets a hold of a camera and a mask which has special powers to go back in time by filming the God of Death who handles all destinies. This is a new type of Dark Action Hero movie, where a simple filmmaker changes his destiny and tries to save his crush!",0.9881
594916,3 Bahadur: Rise of the Warriors,2018-12-14,"The kids are going about their lives like other children, at times finding it difficult to control their powers. It is only during a school trip when they run into the mysterious circus performer, Erma , that things start to heat up.",0.982
936400,Crayon Shin-chan Midsummer Night: I Have Arrived! The Storm is Called Den-O vs. Shin-O! 60 Minute Special!!,2007-08-03,"A sixty minute special of the Crayon Shin-chan anime featuring a crossover between Shin-chan and the live action tokusatsu series Kamen Rider Den-O, as well as three normal summer-themed episodes. The Den-O characters are drawn in the style of Shin-chan's regular characters.  Another thing of note, inbetween commercial breaks, clips of a live action Shin-Chan onboard the Den-Liner or with characters from the Kamen Rider Den-O Series were shown. In most of these scenes it involves the Owner giving Shin a speech of sorts or making Shin feel uncomfortable.",0.9809
348941,VeggieTales: LarryBoy and the Angry Eyebrows,2002-03-16,In a world… In a country… In a state… In a town… In a house… In a machine… Angry eyebrows!!!!!,0.9794
585715,Kamen Rider OOO All Stars: The 21 Leading Actors and Core Medals,2011-12-09,"A series of net movies that were released by Toei to promote the Kamen Rider OOO summer movie, ""Kamen Rider OOO Wonderful: The Shogun and the 21 Core Medals"".",0.979
71905,Superheroes,2011-08-08,"A journey inside the world of real life caped crusaders. From all over America, these self-proclaimed crime fighters, don masks, homemade costumes and elaborate utility belts in an attempt to bring justice to evildoers everywhere.",0.9788
1730724,The Origin of the Silver Surfer,1999-05-13,"The animated feature debut of the Silver Surfer! Norrin Radd catches the wave of his life when an interplanetary being named Galactus begins draining the energy from Zenn-La, his paradise-like home planet. In order to save Zenn-La, Radd volunteers to search for other planets that can provide Galactus with the energy he needs to survive. In retur, Galactus rewards him with the powers of the Silver Surfer, but he also erases his memory and code of ethics.",0.9782
319542,Batwoman and Robin,1972-03-12,"70s Queen of action movies, Virginia and son, Robin Aristorenas teamed up for this spectacular adventure in the 1972 movie, Batwoman and Robin",0.9764
984846,Juken Sentai Gekiranger: Gyun-Gyun! Fist Sage Great Athletic Meet,2007-12-01,"After their latest win, the three Gekirangers find the Kensei stretching for their annual Kensei Great Athletic Meet. Jan, wanting to win the gold medal and a year's supply of Televi magazines, joins the Red Team to go against the White Team. With Retsu as judge and Ran as moderator, the contest starts...",0.9754
935771,Kamen Rider Zero-One: The Miracle Rematch?! Aruto VS Taro The Ab-Buster - Fateful Gag Battle!,2020-03-29,"In order to acquire Taro's Humagear Progrise Key, Aruto has to defeat Taro at a three-round joke showdown!",0.9734
584635,Kamen Rider Kuuga: New Year's Dream,2001-01-02,"On January 2nd, Yusuke Godai prepares the Pole Pole cafe for opening, reflecting on the events of the prior year's battles he's had as Kamen Rider Kuuga against the Grongi. This special serves as a clip show and is also referred to as episode 46.5",0.9634
442683,The Spider Returns,1941-05-09,"The evil and masked ""Gargoyle"" is sabotaging all of America's industrial plants. It is up to the Spider to save the country.",0.9614
216529,Doomed! The Untold Story of Roger Corman's The Fantastic Four,2015-07-10,A history of the ill-fated 1994 production of “The Fantastic Four” that was executive produced by Roger Corman.,0.9607
290997,Super Star Fleet Sazer-X the Movie: Fight! Star Warriors,2005-12-17,"The Sazer-X team find a mysterious boy who claims to have amnesia, meanwhile, an ancient evil has awakened and begins consuming the people of earth. Bosquito, an extremely powerful evil being from ancient times has absorbed the power of the Justirisers and is using it to fuel its own minions. Sazer-X, the Justirisers, and the Gransazers must work together to defeat this villain and save the planet.",0.9578
1005559,Heavy Metal vs. Dominator,2005-01-01,A crossover between Julie from Heavy Metal 2000 and Dominator,0.9576
212270,The Flying Man,2013-07-08,"A new superhero is coming, only this time it's on his terms. Will he still be considered a hero?",0.9563
1063167,Spectre: Genesis,2023-03-10,The journey begins for The Spectre and The Sentinel.,0.9536
304456,Thong Girl 4: The Body Electric,2010-11-10,"Thong Girl must defeat the evil Electar, who is bent on destroying Music City with his new form of volatile electricity, while facing her own superhero insecurities.",0.9508
407506,The Roma Project,2015-05-13,"After a deadly car accident, a boy finds himself trapped in a sinister hospital and begins to wonder if he could be more than human.",0.9477
215196,Southern Superhero Showdown,2013-07-20,"Ho Bang is a young man out of work, living in his friend's house, trying to pay off debt. One day, he goes down to the country side to interview for a job. Unable to find his way he stumbles into a town where everyone has special powers. Not only are the people strange, but it's a town that one cannot leave, and time stands still at day light.",0.9471
573310,Rise of the Superheroes,2019-05-02,"This is the story of how superheroes from Tim Burton's prototype blockbuster Batman, Blade, X-Men, Spiderman to Iron Man and the Black Panther brought to life from the pages of comic books, first took over Hollywood and then conquered the world through action films with larger-than-life characters.",1.0532
1442044,Abyssalis Revelation: Lachesis,2025-03-22,"Witness this beautiful yet cruel story that depicts the birth of the Three Dark Sisters and Risa Arisugawa, an ordinary girl who dreams of becoming a singer and was the model used to create Lachesis.",0.886
350204,Behind the Superhero Mask,2013-04-17,Documentary that examines the popularity of super-hero comic books.,0.9033
294101,Rat-Man,2007-03-16,"Animation movie about a masked mouse hero, created by Leo Ortolani and directed by Mario Montigiani.",1.0952
67409,Duck Dodgers in the 24½th Century,1953-07-25,Space hero Daffy battles Marvin the Martian for control of Planet X.,0.9952
582239,Kamen Rider Ghost: Ikkyu Eyecon Contention! Quick Wit Battle!!,2015-11-28,This is the first of two special DVD episodes of Kamen Rider Ghost. The ghost hunting gang runs into trouble when they get involved in a ganma game show. It features the debut of both the Ikkyu Ghost Eyecon as well as the Pythagoras Ghost Eyecon. It take place between episode 12 and 13 of the Kamen Rider Ghost TV series.,0.7744
3205,Santo vs. Frankenstein's Daughter,1972-08-10,"Dr. Frankenstein and her assistant, Dr. Yanco, are going to bring one of their experiments to life in Santo Vs. Frankenstein's Daughter. She intends to use a monster named Ursus to do her evil bidding. Using a youth serum to retain their vitality, the doctors set their sights upon none other than El Santo. They need his super human blood to regenerate a stronger youth serum. They kidnap Santo's goddaughter, Norma and lure him into Dr. Frankenstein's lab where he is captured and enslaved. Will Santo make it out alive?",1.373
888515,Faceless,2016-12-02,"Sameer is a middle-class young man, who lives with his younger brother. He doesn't have much except a big house left by his parents. He is sick of seeing his country crumble before him. He has one sincere dream---that is to diminish the high crime rate of Afghanistan. Sameer is dyslexic so he cannot learn. He tries to make up for it by taking up martial arts, but lacks the focus to excel at it. One day, he comes across an old ancient necklace in an old run-down castle. He soon discovers that the necklace gives him the power of time. Whenever he or other civilians are in danger, Sameer uses the necklace to slow down the passage of time, providing him vast amount of time to devise a way of out danger. He uses the powers of the necklace to defeat high-profile mobsters of Afghanistan, thus making some powerful enemies.",0.8992
689544,He-Hog the Atomic Pig,1999-01-01,Pilot for He-Hog the Atomic Pig by John Kricfalusi and Spumco,0.7849
58447,Three Giant Men,1973-11-01,"Istanbul is being terrorized by a crime wave, and the police call in American superhero Captain America and Mexican wrestler Santo to put a stop to it.",0.9407
36668,X-Men: The Last Stand,2006-05-24,"When a cure is found to treat mutations, lines are drawn amongst the X-Men led by Professor Charles Xavier, and Magneto's Brotherhood of Mutants.",0.8335
445070,Staple-Man Rises,2014-10-05,"Staple-Man returns to Rhyneston, stronger than ever. However, this time, the city is in constant fear under the reining power of crime lord, Nutri-Gra-Mom. Without the presence of her arch enemy, her power has become seemingly unstoppable. With the help of Police Commissioner Gorgon, Staple-Man will try to do just that in this action-packed, tear-jerking masterpiece.",0.8896
1100693,Ohsama Sentai King-Ohger: Combination Lesson,2023-03-05,,0.6693
228854,Star Virgin,1988-06-05,"Eiko is an alien girl with a unique superpower. She wears an amulet that can sense when men are attracted to her. Using this amulet she can transform into a superhero, Star Virgin, and use her super powers to protect herself. Originally coming to earth to sightsee, Eiko has to save the world from killer robots and protect her nerdy companion.",0.9572
1506036,Z! The Magical Girl,2025-06-23,Zatanna Zatara’s origin is explained in this feature length continuation of Max Landis’ Kryptonian Epic. It is the longest piece of visual media dedicated to the character in the history of DC.,0.9453
478172,Ultraman Ginga Theater Special,2013-09-07,This is the first film adaptation of the Ultraman Ginga TV series. It was released as a double-bill with Mega Monster Rush: Ultra Frontier - Dino-Tank Hunting. Chronologically it takes place between Episode 6 & 7 of the Ultraman Ginga TV show.,0.8812
252173,Mighty Man,1978-01-01,"Originally a comic aimed at black South Africans, Mighty Man was later made into a movie, released in 1978.  Mighty Man was branded as South Africa's equivalent of Super Man, fighting gangsters and drug lords.  The spoken language is is Zulu and the film is presumed ‘Lost’.",0.9636
136563,Guardians of the Lost Code,2010-07-16,"Brijes are magical animal spirits that have been in contact with human beings since the beginning of time. Every human had his brije: The human cared for his brije and vice versa. When the human turned 13 the old shamans performed the ritual a synchronizing ritual trough which the human and the brije were able to transform into the warrior form: a physical state in which the human acquired the powers of his brije and extraordinary strength needed to perform acts of heroism. Unfortunately hundreds of years ago, with the birth of modern science and technology, this union was severed and humans stopped believing in magic.",0.8971
197233,Duck Dodgers in Attack of the Drones,2004-05-25,"With a hostile group of ravenous alien monsters threatening the Earth, Duck Dodgers creates robotic copies to stop them. The robots rebel, though, and Dodgers has to figure out a way to stop them.",0.9424
212586,The Amber Amulet,2013-02-12,"The Masked Avenger can make things happen. Though at 10 he is considered young for a justice fighter he has already proved himself highly effective in the pursuit of peace. He has discovered powers that are locked inside gems and minerals and uses them to keep Franklin Street safe. But something is wrong in the house at the end of the street. There is a woman in trouble. When The Masked Avenger leaves a 'happiness questionnaire' in her letterbox a series of events are set in motion that no one could predict. This is the story of a superhero, a beagle, an amber amulet and the potential that is locked inside all of us.",0.8548
77943,Kryptonite!,2011-11-04,"Set in 1970s Naples, bullied nine year-old Peppino is watching the world around him as his extended dysfunctional family change. Psychedelic flower power and hippie love is threatening the old traditional southern Italian family. Dad is having an affair and Mom has taken to her bed with depression. Super-mod brother and sister Titina and Salvatore take the boy under their wings, introducing him to demonstrations and love-ins, whilst caped superhero Gennaro visits Peppino even after being knocked down and killed by the number 12 bus. It is the imaginary appearances of this older superman cousin that help the nine-year-old navigate the complicated adult world.",0.9124
1044957,Kamen Rider Saber: Kamen Rider Sabela & Durendal,2022-11-20,"One year after the battle days of Sword of Logos ended, Reika Shindai is preparing for her wedding. However, this happiness is unexpectedly abrupted when her brother Ryoga receives some disturbing details about the upcoming wedding.",0.9106
270512,Kaizoku Sentai Gokaiger: Let's Make an Extremely GOLDEN Show of it! The 36-Stage Gokai Change!!,2011-11-01,"Captain Marvelous and Gai are accidentally fused together in one body during Insarn's attempt to put Gai inside Karizorg, the empty shell of Barizorg. Determined to retrieve Insarn's gun and reverse the process, the duo transform into a hybrid form of Gokai Silver with Gokai Red's helmet and boots, and change into the red warriors from the past 34 Super Sentai while battling dozens of Gormin Sailors!",0.9101
460572,Behold the Raven,2004-06-12,"For centuries, a masked hero known as the Raven has battled the forces of darkness. primarily the supernatural syndicate called SERPENT.",0.91
1043853,The Last Sunset,2022-05-11,A single father decides to retire from being a superhero to live with his daughter,0.9094
1065681,Ninpuu Sentai Hurricaneger with Donbrothers,2022-12-25,"Ninpuu Sentai Hurricaneger with Donbrothers is a Japanese superhero tokusatsu crossover short film released exclusively on TTFC, featuring Donbrothers teaming up with Hurricanegers.",0.909
145969,Volcano,1942-07-10,Superman comes to the rescue when a volcano erupts.,0.9082
106923,Superargo and the Faceless Giants,1968-01-26,A masked wrestler/superhero goes up against a madman and his army of robots.,0.9081
177271,LEGO Batman: The Movie - DC Super Heroes Unite,2013-05-21,"Joker teams up with Lex Luthor to destroy the world one brick at a time. It's up to Batman, Superman and the rest of the Justice League to stop them.",0.9008
1423211,RiffTrax: Super Zeroes,2025-01-24,"Mediocrities, Assemble! Super Zeroes is a special packed with the best moments of some of the corniest vintage superhero flicks ever made. Complete with host segments from Mike, Kevin and Bill!",0.9001
62855,Prince of Space,1959-05-19,"Attracted by the report of the development of a new type of rocket fuel, the vicious dictator of Krangkor, the dark planet, descends on Earth to steal the formula from its creator, the benevolent Dr. Makin.",0.8975
434359,Hammerhead,2015-07-25,A bad man becomes a superhero and goes on a rampage.,0.8971
854455,Kamen Rider Revice: The Movie,2021-07-22,"When the evil Orteca convinces an office worker to contract with and unleash the Spider Deadman, Ikki Igarashi transforms into Kamen Rider Revi to stop them! At his side is Kamen Rider Vice... a devil that lives inside his mind that Ikki has made a deal with!",0.8961
204645,Kamen Rider vs. Shocker,1972-03-17,"Professor Daidōji has developed a gravity machine called the GX Device. Unfortunately, Shocker wants it; so they attack the professor and destroy his laboratory, but come home empty-handed. Shocker's agents find out that the plans for the GX Device are with Daidōji's daughter, who is celebrating her birthday. Now the Kamen Riders, along with FBI agent Kazuya Taki, must protect Daidōji's daughter and prevent Shocker from obtaining the plans.",0.8961
146061,The Mummy Strikes,1943-02-19,"Egyptologists are attacked by mummies, drawing the attention of Superman.",0.8959
676483,Thong Girl Vs Xolta from Outer Space,2014-08-26,"Thong Girl reluctantly teams up with alien female Xolta to defeat evil warlord Vish'ss, who is bent on destroying planet Earth.",0.8945
1511903,Mr. Melvin,2025-07-19,"Stripped of purpose and poisoned by corporate evil, the Toxic Avenger is turned against Tromaville. Now, in this definitive cut of Parts II and III, he must confront the monster he's become before his town and soul are lost forever.",0.8926
50556,Batbabe: The Dark Nightie,2009-02-24,"When heartless supercriminal the Jerker steals Bacchum City's entire supply of adult movies, lusty crime-fighter Batbabe (Darian Caine) strips down and steps up to vanquish the villain and get Bacchum's lifeblood flowing once again. But just how far will Batbabe go to restore passion to the streets? And what's the connection between Batbabe and mysterious strip club owner Wendy Wane? John Bacchus directs this titillating romp.",0.8914
117826,Kekko Kamen: The MGF Strikes Back,2004-07-23,"When good-natured Mayumi finds herself at the mercy of her sadistic, panty-crazed teachers, only one brave naked soul is capable of confronting her tormentors -- Kekko Kamen! Wearing nothing but knee-high red boots and a red leather mask, this nunchaku wielding superhero gives these perverts a dose of their own medicine. Wildly cornball and completely over the top, this will have you watching with mouth agape in utter disbelief! Two Nipples Up!",0.8862
467808,Once a Hero,1987-01-01,"In a world gone mad, one man lives to turn wrong to right, bad to good, and despicable to black-and-blue. One man lives to beat back the forces of evil with a legendary arsenal of superpowers. One man lives to kiss the babies, impress the ladies, and make grown men weep. He is Captain Justice, and this is his story. The Cicero Gang, the dregs of society, a vicious pack of power-hungry psychopaths, has taken Captain Justice's number one fan, Woody, and his mom hostage. Once again, evil reigns and innocent lives lay in danger. Can anyone survive? Is this really curtains for rosy cheeks, bubble gum and mom's apple pie? But wait! What is that speck on the horizon, blasting through the Forbidden Zone like a rocket? It's a force beyond the imagination. The man, the myth, the ultimate comic book superhero - it's Captain Justice, speeding towards perilous adventure and various acts of bravery.  74-minute movie is an assembly edit of various episodes from the TV show.",0.886
431971,Süper Kadın Dehşet Saçıyor,1972-01-01,A super-powered woman goes on a reign of terror.,0.8499
984347,Bakuryuu Sentai Abaranger Super Video: All Bakuryuu Roaring Laughter Battle,2003-12-01,Bakuryuu Sentai Abaranger Super Video: All Bakuryuu Roaring Laughter Battle is the Televi Super Video of Bakuryuu Sentai Abaranger.,0.8804
1147406,Miraculous World : Dakar,,,0.9556
936868,"Ressha Sentai ToQger DVD Special: Farewell, Ticket! The Wasteland Super ToQ Battle!",2014-09-01,"Akira wakes up with Ticket stuck to his hand. Along with Right, they fight off another puppet which has attached itself to Schwartz.",0.8032
1342029,Spider-Boy,2024-09-01,"A young man who idolizes Spiderman dons a homemade costume to become ""Spider-Boy""",0.9778
317168,Santo vs. the She-Wolves,1976-05-13,Also known as Santo vs. the She-Wolves,1.1402
408107,Surge of Power: Revenge of the Sequel,2018-01-19,"When a neighborhood development is built over a former CIA hidden underground base that was destroyed 30 years earlier, but what no one knew there is a life form that was imprisoned and forgotten about,a life form from another planet,it was placed there to keep it from contacting its home planet and was awakened during construction, it was assumed dead years ago when the self destruct was activated and the base was destroyed.this should take place in New Mexico,when the base was remote,but now developers have managed to purchase the land because of all the building going on and anyone who knew about the base is dead or very old,....there's more but you have to wait till next time no this is not an area 51 story use Arizona or Yuma.this not a crashed ship story,and the base has a huge underground warehouse in the middle of the desert.",0.8329
332222,Kamen Rider Gaim: Gaiden - Zangetsu And Baron,2015-04-22,"Brought on by popularity for the series, this DVD Special feats. two half-hour side stories that take place during the events of the show. Both stories appear to take place just after episode 20, the first episode of the Helheim Saga. The Kamen Rider Zangetsu side story begins with Takatora telling Kota about the truth behind Helheim. While a childhood friend pays Takatora a visit, a mysterious Kamen Rider that has control over cracks begins to hunt down Yggdrasill’s forces. The Kamen Rider Baron side story begins with Kaito seeking out the Overlords for Professor Ryoma. A prince visits Zawame and when he finds out that Kaito looks exactly like him, he decides to forcefully switch lives, resulting in conflict.",1.1663
593298,The League of Five,2020-01-10,A group of mexican super heroes decide to join forces to combat the forces of evil.,0.8547
1434859,Troca de Heróis,2024-08-23,"A TV show brings North American Super Heroes to Brazil, but when they arrive they realize that the reality is completely different from what they are used to and that it won't be so easy to fight crime there.",0.8074
243691,Fenomenal and the Treasure of Tutankamen,1968-03-04,A masked superhero searches for a magical golden relic while trying to prevent the plundering of an Egyptian tomb.,0.7917
866705,Heroine Cruelty Story XIV,2010-08-13,,0.7046
1150278,Supersisters,2024-05-10,"Teenage Ala does not fit into the provincial world around her. She constantly rebels and acts out against her father, a physics teacher at the local school. When Ala accidentally discovers that she has superpowers and meets her sister Lena, whom she didn’t know existed, her life turns upside down – literally. The trail of girls endowed with supernatural powers is followed by the Colonel and his dangerous companion Hector from the secret Department 92. The goal of the soldiers is to create a powerful new generation weapon. To get it they are willing to sacrifice a lot, even the lives of sisters. After years of separation, will Ala and Lena be able to join forces and cooperate? Will the supersisters move to rescue not only each other, but also the world?",0.9367
1424981,Taika Waiti  Flash Gordon Movie,,An animated remake of the original 1980 film.,0.9826
1336510,Start Up!! Kamen Rider Gavv,2024-08-11,"A special preview special released a few weeks before Kamen Rider Gavv's premiere, which revealed new details and unreleased footage featuring the next Kamen Rider, Kamen Rider Gavv.",0.6861
271783,Kamen Rider G,2009-01-31,"Goro is a sommelier who transforms into the titular Kamen Rider G to fight the former anti-terrorism unit Shade, who captured and brainwashed him into a soldier.",0.8875
20693,Santos,2008-10-10,"Santos, a failed comic book artist, lives in a parallel universe where he's a superhero who has to save the world.",0.8822
124791,Kekko Kamen Premium,2006-01-01,Sixth release from the hit erotic sci-fi/live action series based on the comic by Go Nagai and starring Maria Ozawa! Get ready for plenty of silly gags and tons of eros.,0.82
1691123,Amazing Friends: The Art of Disaster,,"In the obsessively perfect city of Clearview, a catastrophic experiment transforms reality into a chaotic masterpiece, forcing a disaster-prone teenager and a crew of misfits to stop a villain intent on deleting the world's ""perfections.""",0.944
936093,Fuuto Presents: Kamen Rider W Special Event Supported by Windscale,2010-04-21,"The special event is a stage show held on December 20, 2009 at Shibuya C.C. Lemon Hall, to commemorate the release of the movie Kamen Rider x Kamen Rider W & Decade Movie Taisen 2010. It features the casts and song artists from the Kamen Rider W TV series.",1.07
1060961,Yön Varjo,2022-12-23,"A teenager who admires superheroes gets a chance to become a real hero. However, not everything goes as it should.",0.8944
372804,Sci Fi Sol,2012-04-14,A video game designer creates a rock star that comes to life and begins taking over the world with his music.,0.909
461692,The Beggar: A Freak Story,2017-06-09,"An unfaithful woman makes her way toward her car, planning to meet with her lover, when a group of thugs surrounds her.",0.9793
1731145,The Head: Saves the Earth,1995-09-05,"Finally, in his own animated feature! Jim (The Head) is a mutant super-hero with an insanely large cranium. A freak encounter left him with a problem. A big one: he's got an alien named Roy living inside his oversized dome. Plus, he's got the added headache of having to deal with an impending invasion of Earth by a fiendish army of evil parasitic aliens. Jim and Roy are feverishly assembling the Anti-Invasion Machine, whose five pieces have been scattered throughout the world. Will Jim and his skull-dwelling companion have the skill to save the Earth? Only the Head knows.",1.0403
106902,Avenger X,1967-05-13,"A retired ex-criminal, the notorious Mister X, must clear his name when an up-and-comer commits a heinous copycat crime.",0.9453
146072,The Underground World,1943-06-18,"Superman has to save Lois Lane from a cult of hawk-people in an homage to Edgar Rice Burroughs's ""At the Earth's Core"".",0.8811
617804,Mighty Raju Rio Calling,2014-05-16,"Mighty Raju preps for a new adventure in Rio de Janeiro, where he goes toe-to-toe with rival soccer players, faces capoeira fighters and more.",0.8711
38281,Atomic Rulers,1965-04-10,Super criminals are planning to infiltrate Earth with mass nuclear destruction! Only Starman can defend civilization by thwarting evil!,0.8765
918018,This is Kamen Rider Black!,1987-09-27,"A behind-the-scenes TV special, introducing the Kamen Rider Black series.",0.9872
438713,Kamen Rider Gaim: Gaiden - Duke And Knuckle,2015-11-11,"Kamen Rider Duke: Ryoma Sengoku continues his research of the Sengoku Drivers along with Takatora Kureshima. Takatora thinks that the lives of humanity was the number one priority, however Ryoma disliked his way of thinking increasing the production with cost as the main priority than efficiency.  Kamen Rider Knuckle: It's been one year since Kaito disappeared, and peace had returned to Zawame City once more. Zack departed for New York, and left leadership of Team Baron to Peko. However upon hearing that Shura, a former member of Team Baron that Kaito once exiled, had formed his own team, Neo Baron, Zack returns to Zawame City to set things right.",0.8086
446451,Kamen Rider Ghost: Truth! The Secret of the Heroic Eyecons!,2016-10-01,"In the World of Ganma, Chikara Saionji is revived, his spiritual remains entering an empty Ganma Eyecon shell. He soon spots Alain and the Fukami siblings, Makota and Kanon, nearby. Unaware of what has happened since his death, he brings out an old photo of the original Ghost Hunters team, remembering what he is there to do.  This story is set after the epilogue of Kamen Rider Ghost RE:BIRTH: Kamen Rider Specter, which itself is set 2 years after the events of Kamen Rider Heisei Generations: Dr. Pac-Man vs. Ex-Aid &amp; Ghost with Legend Rider.",0.8508
31856,Hydro-Puzzle,1971-04-30,Warsaw is mysteriously running out of water during the summer heat wave. This mystery can only be solved by a Polish superhero known as As.,0.8805
589209,Dragon Force: Rise of Ultraman,2019-01-18,"The crisis of Genesis Crystal is imminent, and Evan begins the crazy countdown to ruin the world. Ultraman needs to maximize his abilities in order to stop the Earth from being destroyed. He choses [sic] a little boy as his representative in the world and vanishes soon, leaving a magic cube to encourage him and hope it will help motivate his strong power. Everyone is trying every possible way to open up the magic cube. Dr. J even finds that tge little boy's fart is the key to set up a series of laugh-out ""fart-induced"" experiments to try to figure out the secret.",0.8385
206789,The Kingdom of Diamonds,1980-12-18,"When Goopy and Bagha learn about Hirak Raja's tyranny, they try to set him right with the help of Udayan, a school teacher, and their magical powers.",0.8076
1572922,Shogun Cop,1999-11-01,Robert Patrick and Jerry Trimble starring in this american/japanese high-octane fantasy action/adventure/ martial arts movie about a sword-wielding superhero.,0.9178
1449154,We Could Be Nemeses,2025-03-16,A lonely supervillain falls for the superhero that arrives to stop his latest scheme. With the help of his best pirate friend the villain sets out to win the hero’s heart.,0.8504
936416,Kamen Rider Backwards-Kiva: Queen of the Demonic Castle,2008-07-11,"On June 2, 2008, Toei announced on its various official websites that there would be a series of short five-minute internet movies that are spin-offs of Kamen Rider Kiva: King of the Demonic Castle. The featurettes are called Kamen Rider Backwards-Kiva: Queen of the Demonic Castle. In these shorts, Otoya and Yuri are brought into the present by Castle Doran when the mysterious Queen of the Legendorga is about to be revived. The shorts themselves are all zany misadventures of everyone in the Kiva cast.",0.9101
1186129,Kamen Rider Geats: Golden Desire Night,2023-09-27,"The trees are dyed in green, and the people of the city are in full bloom during Golden Week. At the Grand Prince Hotel in New Takanawa, a ""custom-made"" night will be held, hosted by the Star of the Stars of the Stars himself, Ace Ukiyo.  GOLDEN DESIRE NIGHT - A night that will captivate the audience with show, music, and talk by the cast of Kamen Rider Geats. Once you get your hands on a golden ticket to a dazzling frenzy, there will be no going back. A filmed version of the live stage show, originally performed May 3rd-4th, 2023.",1.5655
85251,Lastikman,2003-01-01,"Young Hilario was nearby a rubber tree when it was struck by a meteorite. This incident gave Hilario the powers of elasticity and morphing. To honor his dead parents he vowed to use his powers for good. Hilario grows up and becomes Professor Larry, a teacher in Physics. He transforms into the superhero Lastikman to protect people from injustice and oppression.",0.722
107181,"Goldface, the Fantastic Superman",1967-12-22,"Goldface fights dr. Cobra's, aided by a bare chested African named Kotar. When Kotar's not punching folks, he's eating peanuts, bugging out his eyes, and speaking gibberish while referring to Goldy as ""B'wana"".",0.7495
974361,The Case of the Cosmic Comic,1976-01-01,"Young Homer and his best friend Freddie are fans of ""The Super-Duper"", a superhero in comics and movies. They learn that sometimes The Super-Duper needs help too. Based on a short story from the book, ""Homer Price"".",0.748
1185984,Secret Identity,2024-07-14,"When a young Autistic boy, suddenly manifests superpowers on his 9th Birthday, he and his family are forced to deal with the potential ramifications.",0.6092
167595,Superman,1987-12-31,"In this Indian take on the classic superhero story, a young baby from the doomed planet Krypton is sent to Earth, where he is adopted by an elderly couple in India who name him Shekhar. After growing to an adult and learning about his origins and powers, he goes to the city in search of his school sweetheart, Gita, who has become a newpaper reporter. At the same time, Verma, Shekhar's rival for Gita's affection in their school days, has gone on to become a crime lord and general super-villain. Verma has hatched at plan to become rich by devastating part of India with natural disasters, then buying up all of the abandoned land. Will Superman/Shekhar be able to put a stop to Verma's evil plan? Will he win Gita's heart? Will he keep his double identity a secret?",1.6194
98124,Killing in Istanbul,1967-12-25,"Kilink visits Istanbul to grab a destructive formula which is in the hands of an once-collaborate scientist, Professor Houloussi. He murders him, kidnaps his daughter, tortures her in some gloomy dungeon, and then kidnaps more people and tortures them but still, the formula remains hidden. Meanwhile, the son of Professor Houloussi is blessed by a Devinne spirit and turns into Superman! But will he be a worthy opponent to the unbeatable and evasive master of all criminals, Kilink?",0.8769
491499,Capes,2005-11-24,A mockumentary depicting the day to day exploits of Alligator Man and his new sidekick Leaping Lizard.,0.7582
80766,Santo vs. the Martian Invasion,1967-07-27,"In this Mexican sci-fi fantasy, big beefy Martians invade the earth. Ostensibly, they have come to warn people about the dangers of nuclear testing and exploring space, but their real mission becomes manifest when they begin using their special powers and gadgets to exploit weak earthlings.",1.0677
1305455,Eggs Benedict,1965-01-01,Super Chicken fights chicken hater Eggs Benedict,0.6986
1217112,Kamen Rider Geats: Final Stage,2023-10-15,The stage show celebrating the finale of Kamen Rider Geats.,0.7786
1244755,8 Arms to Hold You,2004-11-30,"An ""Ock-umentary"" exploring the character of Doc Ock and the way he as well as his tentacles were brought to life on the silver screen.",0.8626
1014337,Faith,2004-01-10,"A bridge is falling, and now just one hero can save us... what if he make a mistake?.",0.8116
444292,The Black Whip vs. The Hanging Ghost,1959-10-21,"A sinister legend comes to life when a ghostly figure haunts the countryside, spreading fear and chaos. The Black Whip confronts the supernatural threat head-on, battling both earthly enemies and a terrifying phantom.",0.7026
849989,Fanthomas,2009-04-22,"Stylist Jan Thomas has a secret identity. Through his alter ego Fanthomas him, and his boyfriend Christoffer fights everyone that comes in his way.",0.871
106913,The Return of Superman,1979-04-30,"Born out of a Christmas ornaments-filled heaven, Turkish Superman fights the mob in order to save the day!",0.6971
1300939,Verguizas Cabronas,2024-06-08,,0.8372
1075921,Chō Eiyū-Sai KAMEN RIDER × SUPER SENTAI LIVE & SHOW 2023,2023-02-09,"On February 9, 2023, the annual “music festival” by Kamen Rider x Super Sentai was held at Yokohama Arena in Japan. The theme of this year's show is ""Extraordinary"", with the acclaimed casts of ""Kamen Rider Geats"" and ""Avataro Sentai Donbrothers"" as the main characters.  Marvel at the surprise and excitement on stage when the popular casts and successive theme song musical artists gather together!  Japan's largest hero event consists of a talk show by the cast of ""Geats"" and ""Donbrothers"", and a gorgeous music live performance by the artists who give life to the Kamen Rider & Super Sentai series.",0.8057
421743,Those Dastardly Desperados,2016-10-10,This featurette explores how these fiends became more than just antagonists in a Batman story; they became icons in American pop culture.,0.8612
1307678,The Amazing Cynicalman,2012-06-13,"John Q. Cynicle is at his first day of work at the Board of Superheros. He meets Lizard Girl and falls in love with Edie Haskell. When Dr Pweent unleashes his army of zombies, only Cynicalman can save the day. But at what cost?",0.8002
1335821,Meadowhawk,2026-07-25,"When washed-up actor David Eastman participates in a comic convention in order to earn money for his granddaughter, he encounters his former co-star and rival Rick Majors for the first time in 40 years.",0.8059
106905,Captain Barbell,2003-12-25,"Captain Barbell has the human form of Enteng. One day Enteng received a mysterious barbell given by a hermit after he saved his life. Not knowing that the barbell can give Enteng's alter-ego Captain Barbell, a hero for the poor and mistreated people. Also in the cast is Enteng's dream girl Cielo, an elementary music teacher who's in love to Captain Barbell. With Captain Barbell's arch-enemies Lagablab, Freezy and Dagampat. The movie tells about the bravery, respect and love.",0.8445
350189,Marvel Then and Now: An Evening with Stan Lee and Joe Quesada,2007-03-01,"Marvel's first editor in chief, pop culture icon Stan Lee, and Marvel's current editor in chief, Joe Quesada, talk about the past and future of the company's stable of super-heroes in a lively discussion helmed by filmmaker Kevin Smith.",0.6281
1431918,Quarry,2020-07-01,"On an Earth-like world, an elite bounty hunter who's built his identity around capturing Meta-human, is tasked by his power-hungry boss to collect his next Quarry, an elusive Meta-human named Verve. Completely stumped by this game of cat and mouse, Reid is forced to change his tactics and result to something he thought he'd never have to consider.",0.9419
1392875,Den Ace Chos,2023-01-01,"Den Ace is a superhero who has defended Japan from space menaces for thirty-five years. When things seem to have calmed down, strange events prompt him to get back to action.",0.763
251500,The Moon Mask Rider,1981-03-14,"The Moon Mask Rider is a tokusatsu movie produced by Purumie International/Herald Enterprises and distributed by Nippon Herald Pictures, was released theatrically on March 14, 1981. Considered Japan's answer to the American box-office fiasco, The Legend of the Lone Ranger (released the same year), this updated version of the Moonlight Mask legend bombed at the Japanese box-office. Daisuke Kuwahara (who, like Klinton Spilsbury , disappeared from doing films) plays George Owara (Moon Mask Rider's new alter-ego), and the rest of the cast made up of veteran action starlets: Sue Shihomi, Daijiro Harada and Takayuki Godai.",0.737
1091007,Dragon Superman,1968-02-12,"Journalist San Lin-jun and his colleague attend a jewelry exhibition when the Cosmic Gang attacks, causing an explosion. A masked vigilante confronts the gang, leading to a battle between justice and evil.",0.8138
1495646,#Untitled Pradeep Ranganathan Directorial,,,0.8277
1458262,Misfits Christmas Special,2010-12-19,"'Tis the week before Christmas and all through the estate, not much of anything is happening, until one of the gang sees some graffiti that offers 'Money for Powers'.",0.9139
1677572,Razorman,,"Lovemore is a scrappy young mechanic in Harare who assumes the identity of the street vigilante known as Razorman. Armed with razor-sharp wit and makeshift weapons, he wages a dangerous one-man war against The Thirteenth — a ruthless and well-connected crime syndicate responsible for his father’s mysterious murder.",0.8742
1067163,Bakuryū Sentai Abarenjā with Donburazāzu,2023-08-27,"Yukito, who gave Shinichi Saruhara/Saru Brother chiropractic treatment sees that Shinichi and Haruka Kito/Oni Sister are Super Sentai members, causing Ryoga to reveal that they are the Bakuryuu Sentai Abaranger. While listening to their story, Shinichi is shocked to discover the big difference of personality between AbaRed and Don Momotaro. A Hitosuki later appears.",0.9
325220,Assassinista,2015-02-27,Jaci v. Solitaire,0.9438
1022039,Bagboy!,2002-08-23,"Matt is a lowly supermarket bag boy, but in his spare time -- he's Bagboy!  Bagboy is Earth's beloved protector, and part of an intergalactic force of bag boy peacekeepers (even on planets with no supermarkets).  On this adventure, Matt faces a challenge tougher than most -- keep a manic shopper from destroying an outer space mall.",0.6894
733438,From Zero to Hero,1994-12-01,"The young cartoonist Gao Dewei, played by Wu Zhenyu, has a cowardly character and a strict tutor. He uses the drawing of Superman to express his feelings.",0.7277
1342137,Superman Doesn't Steal,2024-01-10,"Based on true events, ""Superman Doesn't Steal"" is a coming of age story, set during the 1970's Atlanta child murders- as seen through the eyes of 9 year old Harriet and her brother, who are fascinated with superheroes. However, when they experience a troubling series of events- the impact on their family leaves emotional scars and causes them both to grow up fast as they redefine their definitions of heroes, villains and yes- even Superman.",0.7877
1415107,The Detective,2024-09-27,"""The Detective"" is a short film that follows a private investigator by the name of William Loh who is working on an abduction case, possibly linked to a serial killer by the name of ""The Stalker"". However, William is not a regular private eye. There is more to him than meets the eye.",0.7239
1597950,Hot Hands,2025-12-29,"Upon discovering that he possesses the incredible ability to raise the temperature of his skin by several degrees, Jimmy Jenkins pursues a life of crime-fighting, taking up the name HOT HANDS.",0.8741
348944,"VeggieTales: LarryBoy in The Good, the Bad, and the Eggly",2003-05-06,"Larryboy and fellow superhero, Dark Crow, scramble to learn a lesson in sharing. But it doesn’t come over-easy when they discover Greta Von Gruesome and Awful Alvin are the terrible team of trouble that has struck Bumblyburg with their new invention: the Over-Easy-Egg ray. Everything turns into a hard-boiled mess as this deceptive duo zaps everything in sight. Larryboy has to learn that sharing means working together as he and Dark Crow team up to share the responsibilities of fighting this crime. Will he learn this lesson before he and Dark Crow become the world’s biggest superhero omelet? See what happens in this exciting Larryboy adventure.",0.7889
1158897,The Hot Flash,2013-01-01,Menopause turns a hot flashin' wallflower into a super-hot superhero.,0.8206
585713,"Kamen Rider OOO: Quiz, Dance, and Takagarooba!?",2011-07-01,"This Hyper Battle Video features the Kangaroo Medal, which is used by Kamen Rider OOO to transform either his arms or legs to have kangaroo-themed powers, resulting in the ""Takagaruba"" and ""Takatoragaru"" Combos respectively.",0.6375
431506,SuperAndy - Il fratello brutto di Superman,1979-01-01,,0.7147
1232779,I Am The Hero,2023-04-03,This short was developed by a crew who were given a 'Superhero' prompt for a short film challenge conducted amongst their film classes.,0.7771
1041557,Ultraman Connection Presents: Tamashii Nations Special Streaming featuring Ultraman Trigger,2022-10-19,Ultraman Connection Presents: Tamashii Nations Special Streaming featuring Ultraman Trigger is a special filmed stage show based on various Ultraman characters and released on YouTube as a part of the eponymous stream.,0.9734
1589483,Heroes at Large,,"Best friends Bill & Joe, two ordinary dads & electrical repairmen, have everything they want: loving wives, fabulous kids, New York pizza, and the big game on TV. But all that normality & comfort is about to go out the window…. In a story that takes them from zeroes to heroes, Bill and Joe strain to remain friends whilst fighting the most powerful force in the galaxy, only to ultimately discover that friendship is their true superpower.",0.8505
69536,Mugamoodi,2012-08-31,A man can no longer tolerate injustice and corruption and he becomes a vigilante to fight for a better society.,0.741
1203336,Superkrachten voor je hoofd,2024-07-10,"A boy uncertain due to a disability who wants to meet his big superhero in the hope that he can make him walk again. He goes on an adventure with his grandma, much to the reluctance of his overprotective parents.",0.7327
1054516,Credimi!,2022-10-01,"Vittoria lives in the suburbs with her son Salvatore, a great fan of superheroes. Salvatore shape the harsh reality that surrounds him by imagining himself as the protagonist of the adventures of Astroman, the idol of his favorite web series.",0.8059
877451,Go! Saitama,2021-09-23,The short follows Saitama after he discovers a 1-yen (about US$0.01) sale for high-grade hot-pot meat — but the sale ends at 5:00 p.m. that day.,0.7918
949670,Kamen Rider OOO: The Resurrected Core Medal Prologue,2022-03-13,Eiji Hino returns to Japan and delivers some shocking news to Hina...,0.7576
1462339,The Schüttiman – Episode II: Eine Überdosis Zimt,2025-07-03,"Schüttiman must replenish his fuel when his last beer is gone: his friend Steve sends him into Hamburg’s Speicherstadt to fetch a secret ingredient. There he uncovers a criminal conspiracy; using new gadgets and determination, he battles the enemies to secure the brew and save the city.",0.8023
85916,Rat Pfink a Boo Boo,1966-09-01,"Picking a random name out of the phone book, thugs decide to terrorize and kidnap Cee Bee Beaumont, girlfriend of rock sensation Lonnie Lord. Rat Pfink and his sidekick Boo Boo spring into action!",0.831
204240,Avenging Force: The Scarab,2010-04-25,"When a mystical scarab stone falls into the hand of an archaeologist, an evil villain known as the Sphinx tries to retrieve it, unaware that the stone has transformed the archaeologist into the super powered hero The Scarab.",0.7561
568030,Little Singham aur Kaal ka Mahajaal,2018-06-02,"When Kaal, the vilest demon on earth, threatens to destroy his village, child cop Little Singham must use his strength and smarts to fight back.",0.7005
702939,Kamen Rider W: Final Stage,2011-01-21,"The final live stage event for the Kamen Rider W series, it takes place after the main TV series. In this stage event, Akiko accidentally becomes the Fuuto Dopant after meeting a Shinkurou Isaka from an another world.",0.7274
127675,Neutron the Atomic Superman vs. the Death Robots,1962-08-10,"The evil scientist Dr. Caronte plots to revive the brains of three dead scientists and use them to obtain the formula for the super-powerful neutron bomb. The resulting creation needs blood lots of blood, sending Caronte's midget assistant Nick and his legion of mutant monsters out to get fresh victims. However, the masked atom-superman Neutron vows to put a stop to Caronte's deeds.",0.8127
504223,A Very Impossible Christmas,2015-05-27,"This film follows the early days of super-team ""The Impossibles"" - Centurion, Cadavera, Pesticide and newcomer Patchwork - as they attempt to work together and defeat a deadly threat on Christmas Eve.",0.7151
1642193,AWESOME MAN,2026-08-31,Austin Mann's life changes when he comes across a dark orb.,0.6525
186385,Spy Smasher Returns,1966-01-01,"Edited version of the 1942 Republic serial ""Spy Smasher,"" cut down to one hour and sold for TV release in 1966 in a syndication package with other truncated Republic serials.",1.5616
691482,Kamen Rider Zi-O: Final Stage,2020-03-25,"The final live stageshow of Kamen Rider Zi-O, taking place after the Over Quartzer film. The sudden appearance of a Red Woz and Tsukuyomi declaring herself Queen of Time sends Zi-O and Geiz reeling as they discover even more RideWatches than they thought existed...",0.6302
493915,Supa Modo,2018-02-18,"Jo, a witty 9-year old terminally ill girl is taken back to her rural village to live out the rest of her short life. Her only comfort during these dull times are her dreams of being a superhero, which prove to be something her rebellious teenage sister Mwix, overprotective mother Kathryn and the entire village of Maweni think they can fulfill.",0.6896
1362359,Major Grom 3,,Final film in the Major Grom trilogy. Plot TBA.,1.8251
492966,Gandarrapiddo!: The Revenger Squad,2017-12-25,"A  story about Gandarra, Rapiddo, and Kweenie, who are all trying to attain and protect what is most precious to them. Family is the only thing that binds them, but as they stick to their separate missions, dark secrets arise and threaten to destroy everything they hold dear.",0.8719
357615,Volcano Girl,2011-05-07,"Fighting super villains is easy. Losing your superhero job, moving back home and sharing a bathroom with your little sister? Now that's hard.",0.7508
87154,Super Noypi,2006-12-27,"In this offbeat Filipino fantasy, six teens find themselves cast in the role of world saviors when the vengeful villain Diego abducts their parents... who happen to be the fabled superheroes known as the Noypi. Along with martial artist Lia—sent from the future to help the youngsters discover and hone their inherited powers—can the kids save their parents from doom and deliver the planet from evil?",0.7565
1268637,Kamen Rider Gotchard: What's That?! Houtaro and Rinne Switched Places!!,2024-04-03,"In this special, Houtaro and Rinne swapped bodies! In order to return to their original bodies, they need to a complete mission given to them by Firemars and Inphoenix! To help them, both Professor Minato and Supana are acting differently?! The special will also feature the debut of Kamen Rider Gotchard MarsPhoenix!",0.9105
510918,Kamen Rider Ex-Aid [Tricks]: Kamen Rider Para-DX,2017-08-01,Kamen Rider Para-DX is the second Televi-Kun Hyper Battle DVD for Kamen Rider Ex-Aid. It features the exclusive appearance of the Gashat game Knock Out Fighter 2.  Emu Hojo and Parado are challenged to play New Kuroto Dan's game Nazo Toki Labyrinth! In this super-cooperative play they need to solve the mystery hidden in the labyrinth and rescue the captured Poppy! Can they do it?!  And how will this plot be linked to Kamen Rider Ex-Aid Trilogy: Another Ending?!,0.8035
938180,Iemanjá - Ocean's Goddess,,"Following a crucial theme in Brazilian culture, “Iemanjá – Ocean’s Goddess” will tell the story of Iemanjá, an Orixá or goddess adored by the Brazilian people and also known as the Queen of the Sea. With Ogum, the King of War, as her mentor, Iemanjá, who has psychic abilities, battles with Iansã, an Orixá worshiped as the Storm Goddess.",0.7524
444152,The Middle Finger,2016-09-09,"Dennis, a lonely and frustrated teenager, is reluctantly transformed into a superhero, embedded with the symbol of a hand showing its middle finger, and must awkwardly endure his training and save his world from extinction in this superhero parody.",0.5897
119717,Superbman: The Other Movie,1981-01-01,"Facing impending doom on the planet Krapton, Kid-O, infant son of Jel-O, is sent to earth where he is found and adopted by Ma and Pa Cant.  Eventually, the Kraptonian now known as Clark, becomes a newspaper reporter for the Daily Comet. Together with fellow reporter Lois Lame, they uncover a sinister plot by Rex Ruthor, to destroy the world.",0.8345
200051,Super Hero Party Clown,2012-09-25,"Eugene Stimpson is a superhero... At least he plays one at birthday parties. When his high school nemesis Todd gets a job playing a rival superhero, Eugene must struggle to keep his identity secret while competing with Todd for the affections of the same girl. Can he keep his identity concealed long enough to make his move and defeat Todd, or will the mounting lies be too much for him to handle?",0.744
164436,How to Draw Comics the Marvel Way,1988-07-31,"Superhero creator and Marvel Comics legend, Stan Lee, together with Marvel's top artist, John Buscema, demonstrate the skills needed to create compelling characters and scenes for drawing and writing comic books. Based on the book of the same name, the video became an educational classic for aspiring cartoonists and is also available on DVD. Stan Lee's flair for humor and close friendship with Buscema adds to this good-natured instructional video a sense of drama, action and fun. Stan Lee's inimitable talent for creating superheroes (Spider Man, The Incredible Hulk, etc.) and Buscema's own creations (Conan the Barbarian, Silver Surfer, etc.) meshes well in the conversation and makes this a special treat for comic book fans as well as cartoonists on all levels",0.5963
572480,The Blind Warrior from the Phantom Cave: Angel Eyes,,Plot TBA; a new feature adaptation of the legendary Indonesian martial arts comic hero who remains the country’s most adapted character.,0.6715
619865,Hamara Hero Shaktimaan,2013-06-30,"Shaktimaan mentors a young boy with superpowers and helps him become Junior Shaktimaan, while a scientist invents an earthquake-causing  machine to support the evil act of Kilvish.",0.6983
520349,Who Are the Superheroes?,2012-06-28,"Melvin, 12, is a fan of superheroes. Upon receiving his classmate, Sarah, Melvin would find the strength of its heroes to confess his feelings of love. But there is no super-powers and actions for this struggle to assume desires.",0.632
1022642,Kamen Raidā Gītsu: Henshin Kōza,2022-09-04,Kamen Rider Geats: Transformation Lessons is a short movie showing the transformation of Kamen Rider Geats from the eponymous series. It was released on the show's premiere day.,0.6233
308887,Black Supaman,2007-08-07,"Bernard Jr., a 30-year old who still lives at home with his father, is trying to avoid the negativity of the inner city. Bernard has dedicated his life to cleaning up his neighborhood and ridding it of crime, but has one small problem... he cannot stop smoking weed! Every time this vigilante indulges in his favorite pastime, he dons red tights, thinks he's invincible and refers to himself as Black Supaman. In this comedic caper, Bernard takes on an entire community with hopes of reclaiming the streets for all of the hard-working, up-standing citizens.",0.8706
1176274,Hell Hath No Fury,2013-06-18,Love is a battlefield when a superhero neglects his girlfriend and relationship for his work.,0.8495
1040038,Kamen Rider Revice: Final Stage,2022-10-16,"Taking place after the final episode, the Iggarashi Family and FENIX reunite for one last battle against Giff and the Deadmans.",0.6778
918980,Tekkaman Blade II: Virgin Memory,2016-01-27,"An unreleased episode of Tekkaman Blade II, included on the Tekkaman Blade BD Box.",0.6073
758211,Aana,2021-10-29,"Five friends, including two brothers, are desperate to get rich after losing their jobs following the COVID-19 pandemic, end up planning a kidnap for ransom. After successfully executing the kidnap, tides change and they end up struck as they start to experience strange happenings around them.",0.7766
943266,Toei TV Hero Encyclopedia Vol. 1: Kamen Rider Black,1993-10-25,"A recap special of Kamen Rider Black, the first of its kind preceding a similar special dedicated to Choujin Sentai Jetman.",0.676
310333,Those Who Walk in Darkness,2003-08-03,"Hip-hop star Lil' Kim voices main character Soledad in this urban anime action film, about a police officer living in futuristic Los Angeles -- a place that is now home to citizens with incredible genetic structures. With these super genes, the people of the city now have powers that make them shockingly superior to all other human beings. It's up to Soledad to join a special task force to take on the mighty creatures.",0.8057
866708,Heroine Cruelty Story XVI,2011-03-25,,0.6864
624092,Godam & Tira,,Plot TBA.,0.9361
348384,Batang Z,1996-01-01,A Filipino kids movie directed Bey Vito,0.7587
1135468,American Dreams Redux,2019-01-01,"After going through a breakup and moving back home, James navigates through a ""quarter life crisis"" while dealing with mental illness, a spandex wearing superhero, hunting for coyotes and faith healing as he pursues his dream of making a feature film.",0.6562
1149556,Super Alaya: Ang Bagong Tagapagtanggol,2023-12-08,"A film producer must convince his misogynistic long-time colleague, the film director, to opt for the feminist costume for the superhero film they are developing.",0.9709
1431395,No. 1 Sentai Gozyuger Anniversary Discussion,2025-02-09,"Ahead of No. 1 Sentai Gozyuger's premiere, in a conference room somewhere, Gokai Red, Zenkaizer, Kamen Rider Decade, Kamen Rider Legend, and Gozyu Wolf are sitting in a discussion table. They are engaged in a heated debate about whether Gozyuger should be recognized as an anniversary. What will be the outcome?!",0.7745
1139927,Kamen Rider Geats: Check it?! An All-Boy Desire Grand Prix! I'll Be the King!,2023-03-31,The boys of the DGP have an unusual battle...  A Hyper-Battle DVD special-offered via Televi-Kun magazine.,0.6836
1216043,Superbaby,2023-08-03,Clark Can't gets into a dangerous situation with his abusive adoptive father Jonathan Can't.,0.6014
517066,Wonder Woman: Who's Afraid of Diana Prince?,1967-04-08,"The first attempt to translate Wonder Woman to the small screen in 1967. Diana lives with her mother close to a United States Air Force base. Much of the film consists of her mother berating Diana about not having a boyfriend. When her mother leaves the room, Diana changes into her Wonder Woman costume and admires her reflection in a mirror. What she sees is not Diana Prince, but rather a sexy super-heroic figure (played by Linda Harrison) who proceeds to preen and pose as the song ""Oh, You Beautiful Doll"" plays on the soundtrack.",0.7548
362212,S&M Hunter: Begins,1985-09-01,"This prequel to the pink cult hit S&M Hunter tells the origin story of how an average salary man became the world's first S&M superhero! How did he lose his eye? Why is bad girl Meg chasing him in the first place? And why did Maria become a masochist? Long out of print and hungered for by Pink Eiga fans the world over, Pink Eiga Inc. is proud to release the only true superhero movie that matters in a flooded market of comic book adaptations!",0.7263
574793,Kamen Rider Stronger: The Movie,1975-07-26,"Waniida from Black Satan attacks a young boy and long-time Kamen Rider ally Tōbei Tachibana, but Kamen Rider Stronger and Electro Wave Human Tackle run in to make the save. However, Shigeru and Yuriko fall into separate traps and are captured by Black Satan. Yuriko fights for her life as Shigeru is brainwashed by the organization.",0.6825
1246359,The Kazooboy Files,2023-08-25,"Take a deep dive and discover the Kazooboy you thought you knew in this all-new (not murder) documentary, The Kazooboy Files!",0.6205
869358,Kamen Rider Saber: Gather! Hero! The Explosive Dragon TVKun,2021-05-01,"In this Hyper Battle DVD, Mei wants to write a book for children. But the Megid oppose this idea, forcing Touma to transform into Kamen Rider Saber Dragon TV-Kun to put an end to their evil plan!",0.8187
670792,The Return of the Rocketeer,,"Set six years after the original Rocketeer and after Cliff Secord has vanished while fighting the Nazis, an unlikely new hero emerges: a young African American female pilot, who takes up the mantle of Rocketeer in an attempt to stop an ambitious and corrupt rocket scientist from stealing jet-pack technology in what could prove to be a turning point in the Cold War.",0.7547
145161,Rise of the Black Bat,2012-12-06,"In a City where crime rules supreme, District Attorney Tony Quinn has the scales of justice stacked against him. When a crime boss has Tony blinded by acid, it seems that crime has won for good. But through a miracle of modern science, Tony is given the ability to see in the dark like a bat. Tony Quinn takes the guise of the Black Bat to see to it that crime pays and that the scales of justice are balanced once more.",0.6669
529755,Invincible Fighter Thunderhawk,1993-06-08,"An alien villain, who has returned to the peaceful planet Earth, is  a good-natured villain trying to avenge Luka for Thunder Hawk.  After an attack on the earthlings, Esperman, and Daily, Khan sends Purpur, Momo, and Lizell to attack Thunderhawk, Esperman, and Daily, but often fails. Kan, who used all sorts of sneaky means, such as kidnapping Dr. Yang and kidnapping Chadol, succeeded in deceiving Esperman and Daily by using the trick of killing his subordinates by himself. He gets Esperman and Daily into trouble, but finally, with the help of the procrastination that appeared, he defeated the Khan gang with the help of the procrastination that appeared. They defeat  the enemy and keep the peace of the planet.",0.6746
927400,Kid Cat,2020-09-01,"Following the kidnapping of his cat, a young boy calls upon his superhero identity to go and save him, encouraged by an original mentor.",0.645
1682699,Spooder-Kid Brand New World,2025-09-19,A boy with powers must protect himself and his friend from a villain born from his mistakes. When Spooder-Kid and his friend Vincent find out about him they are put in a difficult place to be-weather to save the world themselves or leave it up to somebody else. Spooder-Kid must stop the Bubbler before he goes through with his master plan.,0.836
463899,The Guards Themselves,2015-09-07,"In a city secretly controlled by the rich and selfish, local anarchists have organized themselves into a single force with the goal of sabotaging the corrupt corporate figureheads.",0.5773
398862,El bengador gusticiero y su pastelera madre,1977-03-07,,0.6289
433711,All Superheroes Must Die 2: The Last Superhero,2016-06-19,"In a no holds barred documentary, acclaimed journalist Vicky O'Neil sets out on a quest to uncover the truth behind the murder of small town sweetheart Ally Andrews. What she uncovers, leads her down a dark and twisted rabbit hole into the world of superheroes where she gets the chance of a lifetime, an exclusive interview with Charge, the world's Last Superhero. As he chronicles his mysterious origins and bloody career, Vicky begins to wonder, is he still the hero the world remembers, or has he become the villain we all should fear?",0.6661
367619,Super Islaw and the Flying Kids,1986-07-17,"Super Islaw was a young crippled boy who was granted mystical powers because of his good heart. He used these abilities to protect the innocents of his town, battling supernatural beings such as vampires.",0.6185
1091006,Moonlight Superman,1968-02-22,"To obtain the Golden Light Statue, the Cosmic Gang takes the owner's family hostage. The ""Detective Boys"" witness a crime and are kidnapped by the Gang. San Lin-jun hears their cries and suits up to save them.",0.5993
1270472,Knight Watch,2022-06-14,Knight Watch saves the city from The Devil's Rose!,0.7623
405561,Volume,,Superhero movie about a man who can control soundwaves.,0.7333
903763,Ultraman: Terror on Route 87,1989-04-28,Theatrical version of episode 20 of Ultraman (1966 TV series). An enormous bird-monster is attacking motorists on Route 87. The Science Patrol discovers a supernatural link between the monster and a statue located nearby.,0.7156
989228,Versus: Radiant Black vs. Blaze,2022-06-21,"Can today’s modern day hero Radiant Black hold his own against, Blaze, one of the greatest heroes of C.O.W.L.? It’s a battle across time in this latest VERSUS match-up.  An animated short film spinning out of the pages of the Image Comics ""Radiant Black"" comic book.",0.6045
501767,Gifted,2015-07-26,"The rise and fall of the worlds first superhero, Guardian.",0.5667
375700,The Legacy,2010-03-27,"What would you do if you believed your father was a superhero? The Legacy brings to life a story about fathers and sons, imagination and magic, and believing in something larger than ourselves.",0.6728
69767,Cicakman,2006-12-07,"Hairi  is a loser who lives in Metrofulus. While working in the lab, he accidentally drinks coffee that has been contaminated by a virus-infected gecko. He soon finds himself doing the most insane things, such as sticking to walls, making chirping cicak noises and adding bugs to his menu. He turns to his best friend and apartment mate, Danny, and begs him to find the reason behind his strange antics. Meanwhile, the people of Metrofulus are constantly being infected by new strains of viruses, and the only cure seems to come only from Professor Klon's lab. Suspecting something amiss, Hairi and Danny launch their own investigation and discover that Professor Klon is not only the creator of such viruses, but also has a more sinister plan up his sleeve, backed by his business partners, the Ginger Boys Ramlie and AC Mizal, who first tend to take revenge on Professor Klon's failed experiment on them; making their senses turn abnormal.",0.7715
1683810,Toucheman origins : the downfall of Ben Laden,2026-05-09,,0.7317
1167661,Have You Seen The Ratman?,2023-07-30,A small college campus prank spirals out of control into a massive local phenomenon.,0.6213
1074361,Abatarō Sentai Donburazāzu Supin-Ofu: Kore ga Donburazāzu no Nanori da! Abatarō no Honto no Sugata!?,2022-03-29,,0.7382
257383,Lost Heroes,2014-02-28,"Lost Heroes is the story of Canada's forgotten comic book superheroes and their legendary creators. A ninety-minute journey to recover a forgotten part of Canada's pop culture and a national treasure few have ever heard about. This is the tale of a small country striving to create its own heroes, but finding itself constantly out muscled by better-funded and better-marketed superheroes from the media empire next door.",0.7299
1421414,The Bloody Hero,2025-12-17,"UNLIMITED VIOLENCE. 💥 Andrew Tuck always wanted to fit in. Now, with the power to lift a car and fly (and much more!), he finally has what he needs. But when his childhood friends reject him, his euphoria turns into rage. This is the dark origin story you need to see.",0.6861
689421,Kamen Rider Zero-One: What Will Hop Out of the Kangaroo? Decide on Your Kangar-own! That's How You Know It's Aruto!,2019-12-26,"Hyper Battle DVD of Kamen Rider Zero-One, featuring Kamen Rider Zero-One Hopping Kangaroo and the Trapping Spider Progrisekey.",0.6846
1100600,Ohsama Sentai King-Ohger: Transformation Lesson,2023-03-05,,0.543
1424934,Bloodlust,2024-12-21,"Bloodlust follows the story of Chad Ross, a boy who was born with a rare condition that causes his blood cells to infinitely regenerate themselves, as the government notices his potential. Kidnapped by a deranged drill sergeant, Ross is trained to become an American super soldier and a cold-blooded and lonely killing machine. But when a formidable terrorist group commanded by their psychotic leader Reaper takes a nuclear weapons bunker hostage, he is forced to work with a squad who help him realize what it means to find your purpose.",1.1612
267895,Super Mouse and the Roborats,1989-09-21,"Even as a young boy, Mickey has always wondered why he was blessed with amazing powers. But on the day his foster parent died, Mickey finally gets the much-awaited answer to his identity - he is actually the son of the wicked and powerful Master Robo-rat, leader of the Robo-rat clan who is on a mission to rule the world. Will Mickey defend the race he has grown to love or will he succumb to the calling of his bloodline?",0.6193
564094,KEN The Super Hero,2018-11-23,Ajooba's main magician agnila creat different creature to destroy ampara. ken is a powerful superhero of the planet ampara. He has lots of magical power. in this story ken saved the world from ajooba.,0.6666
796446,Thong Girl 3: Revenge of the Dark Widow,2007-07-07,"Thong Girl returns in yet another high-flying adventure, but this time it's a double-trouble for our superhoeros and the stakes are high. Thong Girl and her trusty sidekick Boxer Brief Boy take on the combined forces of the evil Chaz Chernobyl and The Dark Widow.",0.6333
960056,Black Peider,2022-04-20,Superhero comedy short film based on a comic strip.,0.6991
1020508,Alyas Phantom,1966-01-11,,0.8592
550610,Mumatar,2018-04-20,"Mumatar is an original comedy short film about Sandra – a single mum who struggles to adjust when her only child leaves home. After witnessing a bullying incident at the school where she works as a cleaner, Sandra draws inspiration from computer game avatars, dons a homemade costume and becomes a real life local superhero ... Mumatar!",0.6403
413157,Captain 3D,2015-06-16,"When Captain 3D puts on his 3D glasses, he discovers a new world where he must save the most charming young ladies from the scariest monsters that only exist in our favourite comics.",0.729
992527,Kamen Rider Revice: Special Event,2022-06-26,"A special stage show for Kamen Rider Revice. The stage show was performed live on May 4-5, 2022.",0.719
1107099,O Judoka,1973-02-12,The first Brazilian movie adaptation of a national super-hero comic.,0.6215
1277409,Ghost Spider: Veins Of The Multiverse,2023-11-04,"After the loss of her best friend, Gwen Stacy is thrust into a world beyond anything she could’ve imagined.",0.7261
1719295,Untitled Powerpuff Girls Film,,Based on the hit Cartoon Network series. Plot TBA.,0.8112
1232744,Spectre: Shadow Night,2024-11-02,"Spectre and Sentinel along with their team are drawn into a game of murder and intrigue as they face off against The Poet. Will the team in their newfound peace pull through, or succumb to the darkness threatening to tear them apart?",0.608
175838,Superhelde,2011-04-22,"In a country where police sirens are an everyday melody and survival is an ongoing struggle, we see superhero ""wannabe"" Albert and Peet step in and give us hope that there is people among us who will stand up and fight for the man on the street.",0.641
1429642,Lavanderman - Truth or myth?,2010-07-07,"A three-member television crew from Zagreb comes to the island of Hvar to do an interview with Boris Buncuga, also known as Lavanderman, the first islandic superhero who fights againts moths, mosquitoes, insomnia, headache and vertigo with his lavander powers. Boris gained nationwide popularity after the publication of two comic books about his adventures, but he has so far stubbornly refused to talk to the press. It soon becomes clear why this time Boris bowed: Lavanderman does not hide his affection for the beautiful female journalist. In the meantime, through conversations with a number of characters, complemented by archival footage and narration, we learn the truth about this comic book hero.",0.6804
422338,Magico: The Messenger of the Gods,1990-01-01,The forces of evil threaten Monterrey but are opposed by a flying superhero named Mágico.,0.5965
1430757,Boy Story,2024-05-10,A College Student returns to his apartment and swings into a superhero fantasy.,0.5831
457753,The Making of a Superhero Musical,2015-08-15,"A mockumentary following the troubled production of Clockmen: The Musical, focusing on a cosplayer-turned-actress who reacts to the stress of the production in a rather unusual way.",0.5655
1759127,Atlas: The Animated Movie,2026-09-12,"The story of a weak and timid office clerk named Jim Randall, and his journey to become ATLAS - The Man of Might! A story about building yourself into the hero the world needs. Also, leopard-print underwear.",0.8771
1495493,Minor Inconvenience Man 2,2024-02-24,Minor Inconvenience Man finds himself in a tough spot in his life whilst also dealing with two new adversaries.,0.672
1210461,A Masterpiece,,"As he searches for a cure for his wife, a brilliant scientist stumbles upon a crystalline amulet that grants his son incredible superhuman powers. His son goes on to battle the wicked Mr. A, who can control minds.",0.6286
901033,Aardman,1972-04-03,an animated character of the superhero named Aardman going to the hole,0.589
418408,The Adventures of Ace X and Kid Velvet,2008-02-02,"The crime fighting team of Ace X and Kid Velvet, who disguise their superhero identities as members of a Hollywood rock n' roll band, must battle the evil Rinaldi, who has the ability to transform into a monster, and has taken control over the streets of Hollywood. The Adventures of Ace X and Kid Velvet is the English language, Hong Kong release of the film. It is a different version of the movie Super Hero Central (2004).",0.6227
381006,The Specialist,2016-02-12,Origin story of Ken the Specialist prior to meeting Phantom Faye and Kayla the Centurion.,0.583
1317740,Escape From OBEEZ CITY,2006-10-18,"An awesome 3D CGI action adventure movie that integrates learning with the thrill of fast-paced animation. In a captivating battle between good and evil inside the body of Jack Decayd, the film introduces you to our heroes - the Body Mechanics - Soolynn, Gluke, Sara Bellum, and the Knowledge Master Neuro. The Body Mechanics are locked in combat with their arch nemesis - A.G. (Awesome Guy the Fat Cell) and his Coalition of Harm and Disease (CHD) - Kortizol, Beetez II, Col Esterol and the Free Radicalz. Travel through the body in the microscopic 'HealthProbe' to visit the Health Quarters (home of the Body Mechanics), the Kortex Kave, Movement Control and of course, the decaying Obeez City!",0.5452
1290992,Olağanüstü Türk Süper Kahraman Filmi,2024-05-15,The movie is about Spiderman and Batman trying to prevent an assassination plan at Balıkesir Social Sciences High School in Turkey.,0.494
1568675,Labah-Labah Merah,,Plot under wraps.,0.5906
1687502,Ultimate Spider-Man: Origins,2026-05-15,"After the horrific death of Peter Parker, a new Spider-Man emerges. 17-year-old Miles Morales, bitten by a radioactive spider, becomes the new wall-crawler the city of New York needs. All the while, on his journey meets an unlikely ally.",0.6868
1029144,Kamen Rider Revice: Hiromi's Memory Movie,2022-12-07,"During the events of Kamen Rider Revice, the amnesiac Hiromi Kadota's friends make a movie to help him regain his lost enemies.",0.4654
121506,The Protector,2006-10-15,"This is the story of a Golden Age superhero living in the Modern world. In his heyday, the Protector was greatest of all superheroes. But now, as an old man with a heart condition, this former hero is learning that even though his will might be strong, there are some things you can't save from time.",0.5411
1375546,O'Commodoro!,,,0.5886
1309852,Rubber-Band Man,2024-05-30,"An animated short about Baseball Player, Ryder Bloom, who is a victim of his father’s office supply store accident life is reshaped. He spends the rest of it living in the shadows as ""Rubber-Band Man"" and scourges the city for the culprit to avenge his father’s legacy.",0.5665
519174,Stupidman,2006-08-04,"A satirical comedy spoof of Superman, combining elements of the 50s TV show and 70s feature films, in which an inept superhero tries in vain to rescue his kidnapped alter-ego boss from a hippie-turned-gangster villain.",0.5718
1569356,Come non fare un sequel,2026-01-08,,0.5489
1404379,Keluang Man 2,,Sequel to Keluang Man (2025).,0.5857
664957,Law of Desire,1997-01-01,"The story of Trelita, a Chicana sex worker with an abusive boss and a dead boyfriend (who she may or may not have murdered). It is the second episode made in the Clit-o-matic: The Adventures Of White Trash Girl! series about female superhero White Trash Girl. It has been referred to as part #3 in an ongoing series.",0.5701
220893,Black Star and the Golden Bat,1979-05-12,"A bunch of kids and their pet dog accidentally discover the lair of villain Black Star, who is kidnapping the world's top scientists to develop a secret weapon. Will Golden Bat, the superhero the kids idolize, be able to rescue them?",0.5915
1238144,Ameaça Cognitiva,2023-08-13,"A new threat attacks the country, bringing a series of cases of memory loss and only one individual can end this situation.",0.5528
1745459,Untitled Vampirella film,,A new film adaptation based on the comic book character by Forrest J. Ackerman. Plot TBA.,0.5381
961480,Check YES!,2020-05-01,"In a world where about 8 in 10 people posses some kind of super power, Reineldis De La Cruz is a high school senior wanting to pursue hero work. In order to do so, a parental consent form is needed to allow any super children to attend a training academy.  Giselle, Reineldis' mother, has no intentions of letting her attend. However, a normal trip to the salon changes everything.",0.5425
298449,Super Christian,1980-01-01,"It's a bird, it's a plane, it's-- Super Christian? Clark Kant is a mild-mannered Christian teenager with a super secret. Through light-hearted humor, the Super Christian series sets out to teach us something about Christian growth. In the first installment of Super Christian, we find that Clark Kant lives in two different worlds. During the week, Clark follows the standards of the world. ""Why not?"" he asks himself. ""Isn't everybody doing it?"" But on Sunday, in his Super Christian Best, Clark presents quite a different image. Then Clark learns through a friend that the Christian faith is for every day of the week, not just for Sundays.",0.5414
340183,American Rescue Squad,2015-05-19,"A group of mysterious villains known as 'The Alliance' sets a trap for the Taxpayer. They imprison him, torture him, and make plans to publicly crucify him. Local janitor Richard Randolph rounds up retired Superheroes, and hatches a plan to rescue the Taxpayer. The villains stage a public rally, where many citizens come to watch the Taxpayer's crucifixion. The heroes invade the bad guy lair, and a large battle ensues. Various comedic and action-packed musical numbers are intertwined throughout the madness. In the midst of the big political debate and battle for mankind will the heroes save the day?",0.5597
1143525,In My Spare Time,2023-07-21,"On a relatively adventurous day, Lucas takes on the adventures of being a super hero in the city, saving everyone from possible crimes, but whilst on a lunch break he encounters a strange figure who posses a threat to the city and everyone in it and its up to Lucas to stop him!",0.6127
444911,The Bulleteers,2017-03-04,"When a quirky but deadly outlaw returns to town, it's up to a masked hero to gather a group of misfits to save the townspeople from the wrath of Todd.",0.5178
956118,Spider Transgender Person,2021-12-07,"On the cold, mean streets of Sheffield, a transgender superhero is born. Gaining powers unlike any other hero, this documentary examines the ins and outs of what it truly means to be a Spider Transgender Person",0.4929
1421006,Planet Planet: Corruption,2023-09-23,"In a distant galaxy, in the year 2189, the REPUBLIC OF PLANETRIA has been compromised.  Unknowingly to the people, a secret society, having built itself up for centuries, has officially taken over PLANET PLANET's government. Democracy has long been eradicated, and each 'elected' ruler since the society's takeover is unwillingly forced to do their deeds: enact progressively more controversial, free-will-stripping changes to an already impoverished world nation.  Its most recent ruler, GOVERNMENT MAN, declares the worst act yet.",0.4904
629016,Nation Awakes,2016-12-25,,0.4975
1401184,The Flash,2022-10-05,"After being struck by a lightning, scientist Barry Allen becomes The Flash, and while fighting villains, he has to resolve a mistery from his past.",0.6201
1355303,Pictureman News,2025-04-07,A newscast reports that there is a real superhero acting in the city. The media tries to investigate this story and find out how much truth there is about this character.,0.6041
1271882,Rebooted,2018-05-29,"Owl Guy, a retro comic book superhero, is suddenly introduced to his rebooted counterpart.",0.6794
1587334,Proyecto Ilúnica,2025-11-23,,0.5002
1413282,Pineapple,2024-11-14,"Fellaman, an aspiring superhero, comes into possession of 'THE PINEAPPLE', a highly religious figure, regarded by many many as the messiah.",0.5374
1328323,Nighthawk,2024-05-10,Kyle Richmond's life was pretty normal... until a strange dream changed everything. His life as a regular high school kid ended when he discovered his ability to see into the future. Join Kyle as he embarks on an action-packed adventure searching for answers... and revenge.,0.5413
1204653,Footnote,2016-03-01,"Individuals with ""enhanced powers"" nicknamed Capes by the media roam the city streets bringing justice, or so the news would lead the public to believe. Former news cameraman and reporter Clive has made it a personal vendetta to prove to the public how bad these capes are. When his former fiance and reporter colleague Barbara asks him to help her continue to falsify the news reports, tempers rise and past events come to light that some would rather keep hidden.",0.5527
1074164,Seanestro Bernal's Veil,2023-05-05,"A skirmish between The Black Jackets, notorious assassin's circle, and local law enforcement results in the capture of a fallen  officer. Although the officer's transceiver allows his fellow policemen to negotiate with The Black Jackets over his safe return, his kidnappers unknowingly have until a shadowy infiltrator systematically terminates each member to come to a compromise.",0.504
617443,Super Tinga: Hero from Two Continents,2019-05-12,Super Tinga is a comic book superhero of Brazil who won a monument in the city of Porto Alegre and his success surpassed the American continent and arrived in Africa where reality and fiction mix me,0.5247
201882,Rama Superman Indonesia,1974-01-01,"Andi is a newspaper hawker who is honest and kind-hearted. One day he was helping a sick grandfather. The grandfather gave Andi a magical necklace. When the necklace was kissed, Andi turned to Rama who has superhuman strength and can fly.  One of the customers of the newspaper Andi is Lia. Lia's father was a professor who invented a new explosive. Black Dragon group trying to steal the explosives formula. Lia and her father helped Rama to capture kingpin Black Dragon. (via Google Translate)",0.6431
950131,6 ULTRA BROTHERS THE LIVE in Hakuhinkan Theater Featuring Ultraman Vol. 2,2022-03-15,The fourth 6 ULTRA BROTHERS THE LIVE stage show.,0.4799
1435871,Captain Smashmouth and the Fantastic Monolith,2019-12-20,Two financial advisors tap into their superhero identities after a diabolical villain tries to get in business with them.,0.5008
928569,Rise of the Superkid,,"Ava, an eight-year-old superhero, elicits help from her trusty four-legged sidekick on the quest to find her superpower.",0.4789
953522,Heroes Unite! Yatsurugi × Trio × Ninja Reppu,2018-02-17,,0.4924
1473723,Matzeub,2025-05-17,,0.5174
1016897,Kurukkanmoolayile Superman,2020-01-01,The story revolves around a thief in a fictional village callled kurukkanmoola,0.4627
403304,Rain,2016-05-16,"RAIN is a 23-minute original independent short fan film created by Maya Glick, directed by Zane Rutledge and Jeff Stolhand, and produced by Matt Joyce. Inspired by the ""punk"" incarnation of the Marvel superhero Storm of the X-Men. Influenced by the more dystopian stories of the X-Men franchise as well as the seminal comic LifeDeath by Chris Claremont and Barry Windsor-Smith, this original story takes a broken mutant hero ""Rain"" from the lowest depths of despair into the darker recesses of her own shattered memory. If she is to survive, she must discover a new identity and somehow rediscover her lost power.",0.4949
1404386,Delta Star: Temporal Agent from the Future vs. Cavemanoid,2024-12-18,"Temporal agent Delta Star, a legendary hero from the future, arrives in our time to fight Cavemanoid, who came from the past and is capable of destroying the entire galaxy. However, defeating such a powerful enemy will not be easy...",0.4078
1702897,Spooder-Kid Doomed world,,"With Spooder-Kid being a known hero now by defeating the Bubbler and Dr Octavious. All is well until the Doomkiller, a villain from Angelo's past arrives and pushes him to his limits. The Doomkiller destroys Spooder-Kids personal life piece by piece. Can Spooder-Kid protect those who he loves...or will it be too late?",0.4677
1373952,HEROIC,2022-05-01,A THREE JOBLESS YOUNGTERS EACH GOT A UNIQUE SUPER POWERS FROM THE EARTH SOUL TO PROTECT  EARTH FROM THE UPCOMING CATASTROPHE .,0.4946
1662793,Untitled Kamen Rider Den-O 20th Anniversary Movie,,20th anniversary movie based on 2007's Kamen Rider Den-O.,0.4866
1032093,The Paper-Man,2018-05-01,,0.4438
1147626,Miraculous: One Night Mission,,,0.4645
1158470,The Amazing Compulsion,2023-07-29,"THE AMAZING COMPULSION, a determined superhero whose power is to help people, must aid young Ernie in retrieving his wig from a maniacal hair-puller, THE PLUCKER, and his road salt/crack dealing accomplice, THE SALTSHAKER.",0.46
919036,Tekkaman Blade: The Prelude to a Long Battle,1992-02-18,"A special premiere clip-show before the series composed of old setting images. Due to tight production schedule and after the final episode of the previous program ""Saber Kids"", the episode was finally aired 3 weeks prior.",0.6024
1586265,Ronin,2025-11-02,,0.489
1521555,Airspace,2022-03-19,"A documentary about John McLennan, a superhuman who has the ability to fly, but isn't using his power to his advantage.",0.4824
604165,Kamen Rider Zi-O the Movie: Over Quartzer,2019-07-26,"The Quartzers, calling themselves the Wardens of Time, appear after Sougo Tokiwa has collected all of the Heisei Era Ride Watches. A grand conspiracy behind the birth of the King of Time becomes ever clearer...",0.4263
1020109,Alyas Batman at Robin,1965-05-25,A Batman takeoff.,0.4499
1684745,High Flying Man,2025-10-07,"A new hero has arrived in the Public Safety Universe, and his name is High Flying Man. He can do many things like fly, and one would assume other things too.",0.4364
1487581,Henchmen Chronicles,2025-06-07,"A journalist in a world of superheroes documents what it’s like to be a henchman instead of a main character. Predictably, it sucks.",0.463
1689989,La Légende de Sandale-man,2015-12-13,,0.4631
1008065,Henshin! Henshin! Arashi and Rider,1972-05-03,Henshin! Henshin! Arashi and Rider is a 1972 special promoting Henshin Ninja Arashi and Kamen Rider.,0.4628
1259408,Captain Nano: ORIGIN,,"When an astronaut’s ship gets destroyed by a meteorite, he gains a new set of unimaginable superpowers and dawns the mantle of Captain Nano. With a newfound responsibility of protecting earth, an unexpected enemy emerges…",0.4559
1266684,"Pizzaman, le Superhéro",2021-01-03,Watch as the brave Pizzaman protects his beloved city!,0.5343
920710,The Mishaps of God,,"A classic superhero story about love, redemption and Christ.",0.4726
1404376,Kataha,,Part of the Keluang Man Cinematic Universe.,0.4445
372912,Super Turbo Atomic Ninja Rabbit,2015-06-24,The memory cheats - do you recall watching Super Turbo Atomic Ninja Rabbit during the 1980s/1990s? This hoax title sequence plays on childhood recollections.,0.4511
1147614,Miraculous & GhostForce Crossover,,,0.4315
1733020,Caballero Sol,2023-12-28,,0.5969
1164006,The Dark Feline,,This film has been canceled.,0.4224
1198964,Inside ECHO,2023-09-22,A look into the Emerald City Heroes Organization. What they do for their Seattle community and why they do it.,0.4572
380917,Switch Man,2015-02-02,"In a normal quiet Sunday, Dr. Evil Mantis attacted K-City unexpectedly with his gigantic claw, the entire city in panic and in danger. At the very critical moment, one young man stood out and fight the Dr. Evil Mantis. This is the moment for the hidden superhero, and his secret power is about to turn this chaos upside down. The Legend is about to begin...",0.4194
1342168,Tempe-Man: Origins,2024-08-22,"Juno is an average school student at Tempe High School, until he bonds with an ancient totem of great power. He gains incredible superhuman abilities  and must push forward through whatever mystery awaits.",0.4729
1649155,Heavengers: Hellgame,2019-05-31,"After a failing grade drives one man to madness and tyranny, two friends must journey across time to rescue him and his subjugated people from the forces of hell.",0.4336
754926,Marvel: Empire of Superheroes,2020-01-30,"Marvel and its rival DC Comics were long locked in a battle for supremacy in the superhero universe. But then Marvel revolutionized its storytelling palette: Formerly slick comic book heroes were given human traits and problems as well as superpowers. Plot lines became increasingly interwoven.  Superheroes like Spider-Man, X-Men and Jessica Jones now enjoy cult status even among an audience that has never read the comic books. Former Marvel insiders and comic experts give a rare glimpse into the inner workings of the Marvel universe and reveal how the company fought its way back to become one of the most successful names in the entertainment industry.",0.4083
1760650,Batman: Arkham Asylum (The Movie),2009-08-25,"Batman battles his archenemy, the Joker, who instigates an elaborate plot to seize control of Arkham Asylum, trap Batman inside with many of his incarcerated foes, and threaten Gotham City with hidden bombs.",0.354
178966,Tokumei Sentai Go-Busters VS Kaizoku Sentai Gokaiger: The Movie,2013-01-19,"The Gokaigers were captured by the Zangyack remnants after departing to the Zangyack homeworld to destroy the empire once and for all. The Gokaigers, now working for the newly reformed Zangyack empire, return to Earth with a black Gokai Galleon and attack the Go-Busters in search of five phantom Ranger Keys which will unlock the ""Greatest Power in the Universe"". During the fight with the Gokaigers, the Go-Busters are able capture Navi, who tells them that the Zangyack are also working with Vaglass and that they must go back in time to save the other members of the Super Sentai Teams and defeat the alliance of Zangyack and Vaglass.",0.0894
